open,high,low,close,volume,vwap,timestamp,pre_market,market,after_market,date,time,time_diff,otc
531.5609741210938,531.5999755859375,529.97998046875,530.41748046875,450123,,2025-04-16 13:30:00-04:00,0,1,0,2025-04-16,13:30:00,0.0,
531.68,532.96,531.57,532.25,2437579,532.25,2025-04-16 09:30:00-04:00,0,1,0,2025-04-16,09:30:00,0.0,
532.27,532.99,531.67,532.92,334645,532.3308760154191,2025-04-16 09:31:00-04:00,0,1,0,2025-04-16,09:31:00,1.0,
532.969,532.969,532.969,532.969,390111,532.4095953477929,2025-04-16 09:32:00-04:00,0,1,0,2025-04-16,09:32:00,1.0,
532.96,533.31,532.44,532.8101,300024,532.4443020021048,2025-04-16 09:33:00-04:00,0,1,0,2025-04-16,09:33:00,1.0,
532.85,533.18,532.52,532.88,217499,532.4700543384316,2025-04-16 09:34:00-04:00,0,1,0,2025-04-16,09:34:00,1.0,
532.83,533.13,532.43,532.885,224983,532.4939625889535,2025-04-16 09:35:00-04:00,0,1,0,2025-04-16,09:35:00,1.0,
532.89,533.485,532.82,533.45,168911,532.5336035138403,2025-04-16 09:36:00-04:00,0,1,0,2025-04-16,09:36:00,1.0,
533.44,533.86,533.25,533.3745,154327,532.564297084263,2025-04-16 09:37:00-04:00,0,1,0,2025-04-16,09:37:00,1.0,
533.25,533.25,533.25,533.25,182141,532.5926164458311,2025-04-16 09:38:00-04:00,0,1,0,2025-04-16,09:38:00,1.0,
533.24,533.32,532.82,533.17,81568,532.6031010519083,2025-04-16 09:39:00-04:00,0,1,0,2025-04-16,09:39:00,1.0,
533.14,533.14,532.5,532.78,192622,532.6103763058682,2025-04-16 09:40:00-04:00,0,1,0,2025-04-16,09:40:00,1.0,
532.78,533.29,532.62,533.01,199741,532.6267196144361,2025-04-16 09:41:00-04:00,0,1,0,2025-04-16,09:41:00,1.0,
533.0375,533.42,532.9,533.27,130960,532.643518157301,2025-04-16 09:42:00-04:00,0,1,0,2025-04-16,09:42:00,1.0,
533.27,533.28,532.52,532.6999,107534,532.6447015116881,2025-04-16 09:43:00-04:00,0,1,0,2025-04-16,09:43:00,1.0,
532.68,532.84,532.3538,532.53,219044,532.639999204867,2025-04-16 09:44:00-04:00,0,1,0,2025-04-16,09:44:00,1.0,
532.59,532.75,531.91,532.05,291713,532.6094467963935,2025-04-16 09:45:00-04:00,0,1,0,2025-04-16,09:45:00,1.0,
532.03,532.39,531.78,531.8288,121940,532.5929069433395,2025-04-16 09:46:00-04:00,0,1,0,2025-04-16,09:46:00,1.0,
531.81,532.0209,531.59,531.9999,132667,532.5795449766451,2025-04-16 09:47:00-04:00,0,1,0,2025-04-16,09:47:00,1.0,
531.985,532.26,531.39,532.19,232665,532.5647373077575,2025-04-16 09:48:00-04:00,0,1,0,2025-04-16,09:48:00,1.0,
532.25,532.57,531.64,531.7697,138919,532.5470933821045,2025-04-16 09:49:00-04:00,0,1,0,2025-04-16,09:49:00,1.0,
531.72,531.85,531.395,531.67,199490,532.5200036592989,2025-04-16 09:50:00-04:00,0,1,0,2025-04-16,09:50:00,1.0,
531.64,531.88,530.89,531.26,253501,532.4724199401171,2025-04-16 09:51:00-04:00,0,1,0,2025-04-16,09:51:00,1.0,
531.26,531.44,530.86,530.89,484558,532.3658822139856,2025-04-16 09:52:00-04:00,0,1,0,2025-04-16,09:52:00,1.0,
530.86,530.93,530.47,530.64,270590,532.3033461582512,2025-04-16 09:53:00-04:00,0,1,0,2025-04-16,09:53:00,1.0,
530.64,530.755,530.19,530.535,154855,532.2674211628344,2025-04-16 09:54:00-04:00,0,1,0,2025-04-16,09:54:00,1.0,
530.5,530.52,530.15,530.335,102250,532.2418429121611,2025-04-16 09:55:00-04:00,0,1,0,2025-04-16,09:55:00,1.0,
530.31,530.74,530.07,530.642,181167,532.2051829861477,2025-04-16 09:56:00-04:00,0,1,0,2025-04-16,09:56:00,1.0,
530.625,531.1,530.61,531.08,129601,532.1870359237515,2025-04-16 09:57:00-04:00,0,1,0,2025-04-16,09:57:00,1.0,
531.0999,531.2899,530.46,530.46,176786,532.149858944677,2025-04-16 09:58:00-04:00,0,1,0,2025-04-16,09:58:00,1.0,
530.42,530.44,529.92,529.92,163797,532.1062535474694,2025-04-16 09:59:00-04:00,0,1,0,2025-04-16,09:59:00,1.0,
530.18,530.26,529.65,530.18,167069,532.0685842513716,2025-04-16 10:00:00-04:00,0,1,0,2025-04-16,10:00:00,1.0,
530.1901,530.355,529.78,530.07,119621,532.0409869828192,2025-04-16 10:01:00-04:00,0,1,0,2025-04-16,10:01:00,1.0,
530.04,530.48,529.89,530.2196,144647,532.011074207877,2025-04-16 10:02:00-04:00,0,1,0,2025-04-16,10:02:00,1.0,
530.235,530.53,529.99,530.45,99223,531.9936836569251,2025-04-16 10:03:00-04:00,0,1,0,2025-04-16,10:03:00,1.0,
530.47,530.6398,530.34,530.415,79536,531.9797108144293,2025-04-16 10:04:00-04:00,0,1,0,2025-04-16,10:04:00,1.0,
530.45,531.0804,530.4,531.0685,112352,531.9684587496056,2025-04-16 10:05:00-04:00,0,1,0,2025-04-16,10:05:00,1.0,
531.12,531.12,531.12,531.12,141726,531.9554452597913,2025-04-16 10:06:00-04:00,0,1,0,2025-04-16,10:06:00,1.0,
531.2401,531.31,530.94,531.2401,164810,531.9429102392376,2025-04-16 10:07:00-04:00,0,1,0,2025-04-16,10:07:00,1.0,
531.28,531.5602,531.0051,531.21,173035,531.929670253799,2025-04-16 10:08:00-04:00,0,1,0,2025-04-16,10:08:00,1.0,
531.23,531.33,530.84,531.24,137919,531.9198803459078,2025-04-16 10:09:00-04:00,0,1,0,2025-04-16,10:09:00,1.0,
531.19,531.47,530.9509,531.28,161846,531.9093966825727,2025-04-16 10:10:00-04:00,0,1,0,2025-04-16,10:10:00,1.0,
531.29,531.31,530.75,531.01,97957,531.9005653001296,2025-04-16 10:11:00-04:00,0,1,0,2025-04-16,10:11:00,1.0,
531.0298,531.4298,530.92,530.97,100461,531.8912873281765,2025-04-16 10:12:00-04:00,0,1,0,2025-04-16,10:12:00,1.0,
530.57,530.98,530.5137,530.57,140310,531.8731416649628,2025-04-16 10:13:00-04:00,0,1,0,2025-04-16,10:13:00,1.0,
530.15,530.65,530.15,530.15,89498,531.858178285866,2025-04-16 10:14:00-04:00,0,1,0,2025-04-16,10:14:00,1.0,
530.185,530.525,530.11,530.37,86180,531.845837354322,2025-04-16 10:15:00-04:00,0,1,0,2025-04-16,10:15:00,1.0,
530.22,530.53,530.02,530.22,143118,531.8237509918588,2025-04-16 10:16:00-04:00,0,1,0,2025-04-16,10:16:00,1.0,
530.2,530.25,529.97,530.1,98088,531.807850268075,2025-04-16 10:17:00-04:00,0,1,0,2025-04-16,10:17:00,1.0,
530.08,530.27,530.02,530.21,86484,531.7949598104491,2025-04-16 10:18:00-04:00,0,1,0,2025-04-16,10:18:00,1.0,
530.2,530.58,530.0,530.53,81768,531.7853845087842,2025-04-16 10:19:00-04:00,0,1,0,2025-04-16,10:19:00,1.0,
530.48,530.84,530.2,530.76,85610,531.7773217976799,2025-04-16 10:20:00-04:00,0,1,0,2025-04-16,10:20:00,1.0,
530.8,531.19,530.76,531.03,133961,531.7682387422497,2025-04-16 10:21:00-04:00,0,1,0,2025-04-16,10:21:00,1.0,
531.0,531.26,530.86,531.2,140991,531.7610615364712,2025-04-16 10:22:00-04:00,0,1,0,2025-04-16,10:22:00,1.0,
531.17,531.25,530.86,531.1103,81072,531.7563690965703,2025-04-16 10:23:00-04:00,0,1,0,2025-04-16,10:23:00,1.0,
531.1762,531.54,531.12,531.5378,96014,531.7545182592322,2025-04-16 10:24:00-04:00,0,1,0,2025-04-16,10:24:00,1.0,
531.5,532.11,531.49,531.92,168893,531.7569465617886,2025-04-16 10:25:00-04:00,0,1,0,2025-04-16,10:25:00,1.0,
531.92,532.21,531.41,531.535,151322,531.7540657445868,2025-04-16 10:26:00-04:00,0,1,0,2025-04-16,10:26:00,1.0,
531.52,531.6872,531.25,531.6447,101469,531.7531223199114,2025-04-16 10:27:00-04:00,0,1,0,2025-04-16,10:27:00,1.0,
531.65,531.88,531.62,531.71,108248,531.7527292486441,2025-04-16 10:28:00-04:00,0,1,0,2025-04-16,10:28:00,1.0,
531.68,532.0,531.58,531.77,111059,531.7528895295592,2025-04-16 10:29:00-04:00,0,1,0,2025-04-16,10:29:00,1.0,
531.76,531.9198,531.39,531.77,143868,531.7530927949306,2025-04-16 10:30:00-04:00,0,1,0,2025-04-16,10:30:00,1.0,
531.77,531.77,531.305,531.59,89863,531.7518930776082,2025-04-16 10:31:00-04:00,0,1,0,2025-04-16,10:31:00,1.0,
531.57,532.01,531.57,531.82,63951,531.7522478518781,2025-04-16 10:32:00-04:00,0,1,0,2025-04-16,10:32:00,1.0,
531.83,532.01,531.68,531.96,51407,531.7531141472497,2025-04-16 10:33:00-04:00,0,1,0,2025-04-16,10:33:00,1.0,
531.98,532.16,531.84,532.1,78712,531.7553144656148,2025-04-16 10:34:00-04:00,0,1,0,2025-04-16,10:34:00,1.0,
532.12,532.19,531.865,532.11,313691,531.7640597378579,2025-04-16 10:35:00-04:00,0,1,0,2025-04-16,10:35:00,1.0,
532.116,532.27,531.5,531.51,94820,531.7621802482192,2025-04-16 10:36:00-04:00,0,1,0,2025-04-16,10:36:00,1.0,
531.8,531.85,531.3393,531.8,67727,531.7623789822642,2025-04-16 10:37:00-04:00,0,1,0,2025-04-16,10:37:00,1.0,
531.73,531.95,531.67,531.67,39884,531.7620938529343,2025-04-16 10:38:00-04:00,0,1,0,2025-04-16,10:38:00,1.0,
531.65,532.13,531.445,532.1,74583,531.7640324843773,2025-04-16 10:39:00-04:00,0,1,0,2025-04-16,10:39:00,1.0,
532.1,532.37,532.0,532.155,68884,531.7660935268224,2025-04-16 10:40:00-04:00,0,1,0,2025-04-16,10:40:00,1.0,
532.19,532.48,532.14,532.37,93427,531.7703803942426,2025-04-16 10:41:00-04:00,0,1,0,2025-04-16,10:41:00,1.0,
532.38,532.58,532.26,532.46,92459,531.7751913772389,2025-04-16 10:42:00-04:00,0,1,0,2025-04-16,10:42:00,1.0,
532.4696,532.96,532.39,532.785,139738,531.7857267115792,2025-04-16 10:43:00-04:00,0,1,0,2025-04-16,10:43:00,1.0,
532.7812,532.82,532.64,532.74,105448,531.7931810155701,2025-04-16 10:44:00-04:00,0,1,0,2025-04-16,10:44:00,1.0,
532.72,532.75,532.31,532.56,98501,531.7987358999759,2025-04-16 10:45:00-04:00,0,1,0,2025-04-16,10:45:00,1.0,
532.56,532.56,532.15,532.48,74842,531.8024650297199,2025-04-16 10:46:00-04:00,0,1,0,2025-04-16,10:46:00,1.0,
532.25,532.25,532.25,532.25,73686,531.804864065322,2025-04-16 10:47:00-04:00,0,1,0,2025-04-16,10:47:00,1.0,
532.27,532.28,532.02,532.09,48994,531.8058768457679,2025-04-16 10:48:00-04:00,0,1,0,2025-04-16,10:48:00,1.0,
532.08,532.37,532.05,532.07,55164,531.8069288575559,2025-04-16 10:49:00-04:00,0,1,0,2025-04-16,10:49:00,1.0,
532.0601,532.275,531.98,532.2,54417,531.808467233877,2025-04-16 10:50:00-04:00,0,1,0,2025-04-16,10:50:00,1.0,
532.18,532.37,532.0,532.32,50669,531.8103245491618,2025-04-16 10:51:00-04:00,0,1,0,2025-04-16,10:51:00,1.0,
532.26,532.6,532.2,532.5867,38552,531.8124633354875,2025-04-16 10:52:00-04:00,0,1,0,2025-04-16,10:52:00,1.0,
532.58,532.58,532.25,532.27,43851,531.8138926594572,2025-04-16 10:53:00-04:00,0,1,0,2025-04-16,10:53:00,1.0,
532.29,532.4525,532.055,532.055,66356,531.8150269807737,2025-04-16 10:54:00-04:00,0,1,0,2025-04-16,10:54:00,1.0,
532.02,532.2597,531.77,532.21,281768,531.822763598569,2025-04-16 10:55:00-04:00,0,1,0,2025-04-16,10:55:00,1.0,
532.18,532.24,531.54,531.595,76249,531.8215625892135,2025-04-16 10:56:00-04:00,0,1,0,2025-04-16,10:56:00,1.0,
531.59,532.06,531.59,532.05,89581,531.8229687991549,2025-04-16 10:57:00-04:00,0,1,0,2025-04-16,10:57:00,1.0,
532.0697,532.43,532.03,532.22,80523,531.8251535714132,2025-04-16 10:58:00-04:00,0,1,0,2025-04-16,10:58:00,1.0,
532.24,532.45,532.11,532.27,44763,531.8265103701057,2025-04-16 10:59:00-04:00,0,1,0,2025-04-16,10:59:00,1.0,
532.29,532.9241,532.275,532.59,101303,531.8317442105467,2025-04-16 11:00:00-04:00,0,1,0,2025-04-16,11:00:00,1.0,
532.48,532.7058,532.14,532.48,400375,531.84884320332,2025-04-16 11:01:00-04:00,0,1,0,2025-04-16,11:01:00,1.0,
532.51,532.61,532.15,532.15,796539,531.8638605134429,2025-04-16 11:02:00-04:00,0,1,0,2025-04-16,11:02:00,1.0,
532.14,532.47,532.035,532.39,97249,531.8670441214507,2025-04-16 11:03:00-04:00,0,1,0,2025-04-16,11:03:00,1.0,
532.4,532.54,532.03,532.03,39022,531.8674388749052,2025-04-16 11:04:00-04:00,0,1,0,2025-04-16,11:04:00,1.0,
532.11,532.3,531.9112,532.0207,71258,531.8681137006291,2025-04-16 11:05:00-04:00,0,1,0,2025-04-16,11:05:00,1.0,
532.0,532.0,532.0,532.0,61603,531.8686138539576,2025-04-16 11:06:00-04:00,0,1,0,2025-04-16,11:06:00,1.0,
532.04,532.58,531.99,532.57,71655,531.8716941916384,2025-04-16 11:07:00-04:00,0,1,0,2025-04-16,11:07:00,1.0,
532.575,532.745,532.51,532.695,62978,531.8748598999726,2025-04-16 11:08:00-04:00,0,1,0,2025-04-16,11:08:00,1.0,
532.69,532.86,532.54,532.73,66366,531.8783108113763,2025-04-16 11:09:00-04:00,0,1,0,2025-04-16,11:09:00,1.0,
532.76,533.01,532.54,532.64,96570,531.882757598818,2025-04-16 11:10:00-04:00,0,1,0,2025-04-16,11:10:00,1.0,
532.68,532.93,532.6,532.89,59008,531.8863379262222,2025-04-16 11:11:00-04:00,0,1,0,2025-04-16,11:11:00,1.0,
532.9,533.05,532.81,532.96,219021,531.9003190290613,2025-04-16 11:12:00-04:00,0,1,0,2025-04-16,11:12:00,1.0,
532.96,533.08,532.79,532.8201,250436,531.9138134897522,2025-04-16 11:13:00-04:00,0,1,0,2025-04-16,11:13:00,1.0,
532.86,532.98,532.59,532.69,82348,531.9175399025067,2025-04-16 11:14:00-04:00,0,1,0,2025-04-16,11:14:00,1.0,
532.73,532.86,532.21,532.21,81206,531.9189180844962,2025-04-16 11:15:00-04:00,0,1,0,2025-04-16,11:15:00,1.0,
532.21,532.3437,531.89,532.3097,111263,531.9214247773701,2025-04-16 11:16:00-04:00,0,1,0,2025-04-16,11:16:00,1.0,
532.29,532.6,532.27,532.53,50430,531.9231891391829,2025-04-16 11:17:00-04:00,0,1,0,2025-04-16,11:17:00,1.0,
532.47,532.67,532.42,532.64,32240,531.9245152134164,2025-04-16 11:18:00-04:00,0,1,0,2025-04-16,11:18:00,1.0,
532.66,532.88,532.3637,532.37,39925,531.9255334263526,2025-04-16 11:19:00-04:00,0,1,0,2025-04-16,11:19:00,1.0,
532.38,532.65,532.15,532.57,83817,531.9286111106767,2025-04-16 11:20:00-04:00,0,1,0,2025-04-16,11:20:00,1.0,
532.58,532.69,532.51,532.67,33126,531.9300077130902,2025-04-16 11:21:00-04:00,0,1,0,2025-04-16,11:21:00,1.0,
533.44,533.5,532.67,533.44,179579,531.9452723352659,2025-04-16 11:22:00-04:00,0,1,0,2025-04-16,11:22:00,1.0,
533.48,533.73,533.47,533.6806,94808,531.9544846895369,2025-04-16 11:23:00-04:00,0,1,0,2025-04-16,11:23:00,1.0,
533.71,534.46,533.6,534.441,325897,531.9990459547406,2025-04-16 11:24:00-04:00,0,1,0,2025-04-16,11:24:00,1.0,
534.45,535.11,534.45,534.91,229694,532.0353553850581,2025-04-16 11:25:00-04:00,0,1,0,2025-04-16,11:25:00,1.0,
534.895,535.0,534.56,534.56,299683,532.0757840562383,2025-04-16 11:26:00-04:00,0,1,0,2025-04-16,11:26:00,1.0,
534.58,534.92,534.375,534.43,146479,532.0940676595823,2025-04-16 11:27:00-04:00,0,1,0,2025-04-16,11:27:00,1.0,
534.44,534.65,534.41,534.56,73852,532.1036857142763,2025-04-16 11:28:00-04:00,0,1,0,2025-04-16,11:28:00,1.0,
534.58,534.67,534.48,534.64,48198,532.1101255495126,2025-04-16 11:29:00-04:00,0,1,0,2025-04-16,11:29:00,1.0,
534.66,534.73,534.0,534.07,141166,532.1245926817741,2025-04-16 11:30:00-04:00,0,1,0,2025-04-16,11:30:00,1.0,
534.04,534.13,533.81,533.93,99723,532.1339582141413,2025-04-16 11:31:00-04:00,0,1,0,2025-04-16,11:31:00,1.0,
533.95,534.3084,533.84,534.18,71404,532.141529838106,2025-04-16 11:32:00-04:00,0,1,0,2025-04-16,11:32:00,1.0,
534.16,534.43,534.06,534.29,85495,532.1510074534401,2025-04-16 11:33:00-04:00,0,1,0,2025-04-16,11:33:00,1.0,
534.36,534.36,534.36,534.36,67892,532.1587187025441,2025-04-16 11:34:00-04:00,0,1,0,2025-04-16,11:34:00,1.0,
534.39,534.46,534.14,534.2896,66586,532.1659893818758,2025-04-16 11:35:00-04:00,0,1,0,2025-04-16,11:35:00,1.0,
534.34,534.4,533.97,534.045,50894,532.1708769309402,2025-04-16 11:36:00-04:00,0,1,0,2025-04-16,11:36:00,1.0,
534.03,534.07,533.7809,533.95,97350,532.1796851624374,2025-04-16 11:37:00-04:00,0,1,0,2025-04-16,11:37:00,1.0,
533.97,534.03,533.78,533.785,56727,532.1843029661007,2025-04-16 11:38:00-04:00,0,1,0,2025-04-16,11:38:00,1.0,
533.8,534.06,533.69,533.8899,82643,532.1914209510173,2025-04-16 11:39:00-04:00,0,1,0,2025-04-16,11:39:00,1.0,
533.87,533.88,533.51,533.58,64826,532.1959518276851,2025-04-16 11:40:00-04:00,0,1,0,2025-04-16,11:40:00,1.0,
533.5795,533.63,533.38,533.51,61337,532.1999962395249,2025-04-16 11:41:00-04:00,0,1,0,2025-04-16,11:41:00,1.0,
533.51,533.55,533.32,533.3848,63066,532.2037338809039,2025-04-16 11:42:00-04:00,0,1,0,2025-04-16,11:42:00,1.0,
533.36,533.58,533.14,533.47,90838,532.2094613109849,2025-04-16 11:43:00-04:00,0,1,0,2025-04-16,11:43:00,1.0,
533.45,533.52,533.1,533.27,213328,532.2206086375401,2025-04-16 11:44:00-04:00,0,1,0,2025-04-16,11:44:00,1.0,
533.28,533.4399,532.91,532.945,76048,532.2233127799951,2025-04-16 11:45:00-04:00,0,1,0,2025-04-16,11:45:00,1.0,
532.96,533.15,532.61,533.09,91025,532.2271681360709,2025-04-16 11:46:00-04:00,0,1,0,2025-04-16,11:46:00,1.0,
533.08,533.172,532.85,532.9004,47586,532.2287300497028,2025-04-16 11:47:00-04:00,0,1,0,2025-04-16,11:47:00,1.0,
532.8816,532.965,532.73,532.77,39276,532.2297645847386,2025-04-16 11:48:00-04:00,0,1,0,2025-04-16,11:48:00,1.0,
532.75,532.77,532.6,532.65,56807,532.2309231199039,2025-04-16 11:49:00-04:00,0,1,0,2025-04-16,11:49:00,1.0,
532.6403,532.76,532.4476,532.4476,81541,532.2317770148708,2025-04-16 11:50:00-04:00,0,1,0,2025-04-16,11:50:00,1.0,
532.478,532.86,532.42,532.64,81719,532.2333832102496,2025-04-16 11:51:00-04:00,0,1,0,2025-04-16,11:51:00,1.0,
532.64,532.6488,532.25,532.45,1317085,532.2463010784513,2025-04-16 11:52:00-04:00,0,1,0,2025-04-16,11:52:00,1.0,
532.44,532.73,532.29,532.39,75399,532.2467900051937,2025-04-16 11:53:00-04:00,0,1,0,2025-04-16,11:53:00,1.0,
532.29,532.3,532.03,532.14,129242,532.2461709492825,2025-04-16 11:54:00-04:00,0,1,0,2025-04-16,11:54:00,1.0,
532.155,532.28,531.9502,532.21,102269,532.2460058643962,2025-04-16 11:55:00-04:00,0,1,0,2025-04-16,11:55:00,1.0,
532.25,532.35,532.115,532.15,96040,532.2455959924366,2025-04-16 11:56:00-04:00,0,1,0,2025-04-16,11:56:00,1.0,
532.15,532.37,532.08,532.2,50294,532.2454942820755,2025-04-16 11:57:00-04:00,0,1,0,2025-04-16,11:57:00,1.0,
532.2,532.205,531.8,531.8,84122,532.2438378086962,2025-04-16 11:58:00-04:00,0,1,0,2025-04-16,11:58:00,1.0,
531.76,531.77,531.38,531.71,122790,532.240956268936,2025-04-16 11:59:00-04:00,0,1,0,2025-04-16,11:59:00,1.0,
531.73,531.87,531.295,531.64,99220,532.2383464434484,2025-04-16 12:00:00-04:00,0,1,0,2025-04-16,12:00:00,1.0,
531.69,531.73,531.17,531.69,108481,532.2357550731289,2025-04-16 12:01:00-04:00,0,1,0,2025-04-16,12:01:00,1.0,
531.72,531.73,531.39,531.48,104316,532.2323360912462,2025-04-16 12:02:00-04:00,0,1,0,2025-04-16,12:02:00,1.0,
531.48,531.75,531.3939,531.72,78628,532.230594957041,2025-04-16 12:03:00-04:00,0,1,0,2025-04-16,12:03:00,1.0,
531.67,531.86,531.57,531.78,41071,532.2297965977393,2025-04-16 12:04:00-04:00,0,1,0,2025-04-16,12:04:00,1.0,
531.78,531.78,531.125,531.13,229729,532.2190034492099,2025-04-16 12:05:00-04:00,0,1,0,2025-04-16,12:05:00,1.0,
531.125,531.29,530.78,530.81,143695,532.2104070103676,2025-04-16 12:06:00-04:00,0,1,0,2025-04-16,12:06:00,1.0,
530.8,531.225,530.765,531.14,107619,532.2055382752361,2025-04-16 12:07:00-04:00,0,1,0,2025-04-16,12:07:00,1.0,
531.14,531.33,530.91,531.32,57287,532.2033993591141,2025-04-16 12:08:00-04:00,0,1,0,2025-04-16,12:08:00,1.0,
531.31,531.495,531.2,531.45,89949,532.2005529028582,2025-04-16 12:09:00-04:00,0,1,0,2025-04-16,12:09:00,1.0,
531.44,531.69,531.25,531.69,162789,532.1970855807355,2025-04-16 12:10:00-04:00,0,1,0,2025-04-16,12:10:00,1.0,
531.67,531.81,531.57,531.76,54752,532.1960894958496,2025-04-16 12:11:00-04:00,0,1,0,2025-04-16,12:11:00,1.0,
531.8,531.86,531.25,531.2924,74584,532.1932927758157,2025-04-16 12:12:00-04:00,0,1,0,2025-04-16,12:12:00,1.0,
531.3,531.42,531.22,531.32,166371,532.1873053600395,2025-04-16 12:13:00-04:00,0,1,0,2025-04-16,12:13:00,1.0,
531.33,531.65,531.23,531.49,55849,532.1857041376691,2025-04-16 12:14:00-04:00,0,1,0,2025-04-16,12:14:00,1.0,
531.5,531.76,531.36,531.6951,59038,532.1845162070924,2025-04-16 12:15:00-04:00,0,1,0,2025-04-16,12:15:00,1.0,
531.68,531.74,531.16,531.31,59637,532.1823822873466,2025-04-16 12:16:00-04:00,0,1,0,2025-04-16,12:16:00,1.0,
531.28,531.36,531.12,531.32,47005,532.1807269025679,2025-04-16 12:17:00-04:00,0,1,0,2025-04-16,12:17:00,1.0,
531.22,531.22,531.22,531.22,61565,532.1783174669529,2025-04-16 12:18:00-04:00,0,1,0,2025-04-16,12:18:00,1.0,
531.21,531.49,531.14,531.48,54380,532.1767739495577,2025-04-16 12:19:00-04:00,0,1,0,2025-04-16,12:19:00,1.0,
531.44,531.45,531.17,531.24,41801,532.1751850514933,2025-04-16 12:20:00-04:00,0,1,0,2025-04-16,12:20:00,1.0,
531.2,531.475,530.95,531.1038,59554,532.1726023754929,2025-04-16 12:21:00-04:00,0,1,0,2025-04-16,12:21:00,1.0,
531.17,531.3198,531.0,531.075,83905,532.1688872166927,2025-04-16 12:22:00-04:00,0,1,0,2025-04-16,12:22:00,1.0,
531.0847,531.2099,530.9301,531.08,44919,532.166917656643,2025-04-16 12:23:00-04:00,0,1,0,2025-04-16,12:23:00,1.0,
531.08,531.55,531.08,531.47,71732,532.1649103068104,2025-04-16 12:24:00-04:00,0,1,0,2025-04-16,12:24:00,1.0,
531.47,531.77,531.465,531.72,53782,532.1639515431182,2025-04-16 12:25:00-04:00,0,1,0,2025-04-16,12:25:00,1.0,
531.75,531.8,531.54,531.74,52154,532.1630674849051,2025-04-16 12:26:00-04:00,0,1,0,2025-04-16,12:26:00,1.0,
531.7599,531.8,531.25,531.405,73650,532.1608418502839,2025-04-16 12:27:00-04:00,0,1,0,2025-04-16,12:27:00,1.0,
531.415,531.59,531.35,531.52,37941,532.1598740626786,2025-04-16 12:28:00-04:00,0,1,0,2025-04-16,12:28:00,1.0,
531.51,531.608,531.41,531.505,24529,532.1592352931015,2025-04-16 12:29:00-04:00,0,1,0,2025-04-16,12:29:00,1.0,
531.5,531.65,531.31,531.37,647250,532.1394312232362,2025-04-16 12:30:00-04:00,0,1,0,2025-04-16,12:30:00,1.0,
531.34,531.8,531.3001,531.72,78650,532.1381561332634,2025-04-16 12:31:00-04:00,0,1,0,2025-04-16,12:31:00,1.0,
531.751,531.78,531.49,531.51,77501,532.1362801877511,2025-04-16 12:32:00-04:00,0,1,0,2025-04-16,12:32:00,1.0,
531.49,531.79,531.49,531.64,44558,532.1354295457708,2025-04-16 12:33:00-04:00,0,1,0,2025-04-16,12:33:00,1.0,
531.62,532.07,531.58,532.02,118017,532.1349079574541,2025-04-16 12:34:00-04:00,0,1,0,2025-04-16,12:34:00,1.0,
532.03,532.12,531.41,531.41,154094,532.1306552135173,2025-04-16 12:35:00-04:00,0,1,0,2025-04-16,12:35:00,1.0,
531.4,531.44,531.17,531.1951,68323,532.1282281614555,2025-04-16 12:36:00-04:00,0,1,0,2025-04-16,12:36:00,1.0,
531.2199,531.22,530.9849,531.075,95853,532.1244087037354,2025-04-16 12:37:00-04:00,0,1,0,2025-04-16,12:37:00,1.0,
530.94,531.16,530.92,530.94,77353,532.1209525958042,2025-04-16 12:38:00-04:00,0,1,0,2025-04-16,12:38:00,1.0,
530.93,531.025,530.79,530.95,73003,532.117736784419,2025-04-16 12:39:00-04:00,0,1,0,2025-04-16,12:39:00,1.0,
530.92,530.95,530.5401,530.5401,118229,532.1107509426693,2025-04-16 12:40:00-04:00,0,1,0,2025-04-16,12:40:00,1.0,
530.547,531.14,530.53,531.0896,178330,532.103975912479,2025-04-16 12:41:00-04:00,0,1,0,2025-04-16,12:41:00,1.0,
531.0991,531.3244,530.87,531.3152,200849,532.098125388229,2025-04-16 12:42:00-04:00,0,1,0,2025-04-16,12:42:00,1.0,
531.38,531.38,531.38,531.38,77789,532.0960683931895,2025-04-16 12:43:00-04:00,0,1,0,2025-04-16,12:43:00,1.0,
531.4,531.5407,531.36,531.49,44472,532.0950775101171,2025-04-16 12:44:00-04:00,0,1,0,2025-04-16,12:44:00,1.0,
531.49,531.58,531.06,531.09,64375,532.0927045757752,2025-04-16 12:45:00-04:00,0,1,0,2025-04-16,12:45:00,1.0,
531.09,531.09,530.725,531.0089,74270,532.0897604314365,2025-04-16 12:46:00-04:00,0,1,0,2025-04-16,12:46:00,1.0,
531.0262,531.0262,530.8469,531.0262,60915,532.087396006535,2025-04-16 12:47:00-04:00,0,1,0,2025-04-16,12:47:00,1.0,
531.0098,531.0098,530.8,531.0,370498,532.0728891496774,2025-04-16 12:48:00-04:00,0,1,0,2025-04-16,12:48:00,1.0,
530.98,531.05,530.93,530.99,28270,532.0717879360249,2025-04-16 12:49:00-04:00,0,1,0,2025-04-16,12:49:00,1.0,
530.83,531.01,530.735,530.83,32379,532.0703433040795,2025-04-16 12:50:00-04:00,0,1,0,2025-04-16,12:50:00,1.0,
530.83,531.02,530.76,531.01,24888,532.0693959842241,2025-04-16 12:51:00-04:00,0,1,0,2025-04-16,12:51:00,1.0,
531.005,531.005,530.6747,530.725,30759,532.0679131514444,2025-04-16 12:52:00-04:00,0,1,0,2025-04-16,12:52:00,1.0,
530.74,531.1529,530.7301,531.1196,62317,532.0657988808348,2025-04-16 12:53:00-04:00,0,1,0,2025-04-16,12:53:00,1.0,
531.13,531.19,530.83,531.09,74555,532.0632030061005,2025-04-16 12:54:00-04:00,0,1,0,2025-04-16,12:54:00,1.0,
531.12,531.24,530.9,531.19,58888,532.0613720084522,2025-04-16 12:55:00-04:00,0,1,0,2025-04-16,12:55:00,1.0,
531.19,531.27,530.94,530.98,51796,532.0593812163432,2025-04-16 12:56:00-04:00,0,1,0,2025-04-16,12:56:00,1.0,
530.99,531.0438,530.77,530.92,51254,532.0573093600696,2025-04-16 12:57:00-04:00,0,1,0,2025-04-16,12:57:00,1.0,
530.94,531.03,530.84,530.91,43480,532.0555422357107,2025-04-16 12:58:00-04:00,0,1,0,2025-04-16,12:58:00,1.0,
530.9,530.98,530.76,530.89,33519,532.0541599903721,2025-04-16 12:59:00-04:00,0,1,0,2025-04-16,12:59:00,1.0,
530.93,531.01,530.44,530.97,86753,532.0508423435833,2025-04-16 13:00:00-04:00,0,1,0,2025-04-16,13:00:00,1.0,
530.93,531.32,530.69,531.16,61851,532.0489030000261,2025-04-16 13:01:00-04:00,0,1,0,2025-04-16,13:01:00,1.0,
531.15,531.266,530.86,530.9799,70293,532.0462648222584,2025-04-16 13:02:00-04:00,0,1,0,2025-04-16,13:02:00,1.0,
530.91,531.1999,530.83,530.94,56085,532.044090762443,2025-04-16 13:03:00-04:00,0,1,0,2025-04-16,13:03:00,1.0,
530.91,530.93,530.57,530.64,50262,532.0416222641298,2025-04-16 13:04:00-04:00,0,1,0,2025-04-16,13:04:00,1.0,
530.61,530.925,530.36,530.67,72893,532.0381338963214,2025-04-16 13:05:00-04:00,0,1,0,2025-04-16,13:05:00,1.0,
531.08,531.08,531.08,531.08,48344,532.0365205572986,2025-04-16 13:06:00-04:00,0,1,0,2025-04-16,13:06:00,1.0,
531.11,531.27,530.98,531.05,130806,532.0320462110714,2025-04-16 13:07:00-04:00,0,1,0,2025-04-16,13:07:00,1.0,
531.05,531.08,530.76,530.78,24380,532.0309887428126,2025-04-16 13:08:00-04:00,0,1,0,2025-04-16,13:08:00,1.0,
530.76,530.82,530.5,530.57,46639,532.0286319781222,2025-04-16 13:09:00-04:00,0,1,0,2025-04-16,13:09:00,1.0,
530.565,530.62,530.4104,530.4351,39171,532.0264759501413,2025-04-16 13:10:00-04:00,0,1,0,2025-04-16,13:10:00,1.0,
530.315,530.5642,530.26,530.315,65098,532.0226362554575,2025-04-16 13:11:00-04:00,0,1,0,2025-04-16,13:11:00,1.0,
530.27,530.36,530.22,530.345,104596,532.0166104289286,2025-04-16 13:12:00-04:00,0,1,0,2025-04-16,13:12:00,1.0,
530.33,530.555,530.31,530.555,140874,532.0095737950697,2025-04-16 13:13:00-04:00,0,1,0,2025-04-16,13:13:00,1.0,
530.56,530.825,530.5,530.54,83869,532.0053737236572,2025-04-16 13:14:00-04:00,0,1,0,2025-04-16,13:14:00,1.0,
530.58,531.0475,530.545,530.94,63236,532.0030829200867,2025-04-16 13:15:00-04:00,0,1,0,2025-04-16,13:15:00,1.0,
530.93,531.11,530.83,531.06,52300,532.001408734829,2025-04-16 13:16:00-04:00,0,1,0,2025-04-16,13:16:00,1.0,
531.05,531.215,531.04,531.198,0,532.001408734829,2025-04-16 13:17:00-04:00,0,1,0,2025-04-16,13:17:00,1.0,
531.2099,531.4399,531.17,531.38,72762,531.9998777950517,2025-04-16 13:18:00-04:00,0,1,0,2025-04-16,13:18:00,1.0,
531.36,531.5663,531.2901,531.355,53577,531.9987100141385,2025-04-16 13:19:00-04:00,0,1,0,2025-04-16,13:19:00,1.0,
531.3984,531.62,531.1925,531.214,47773,531.9974450174273,2025-04-16 13:20:00-04:00,0,1,0,2025-04-16,13:20:00,1.0,
531.21,531.675,531.19,531.625,45825,531.9968699942467,2025-04-16 13:21:00-04:00,0,1,0,2025-04-16,13:21:00,1.0,
531.59,531.71,531.4709,531.695,40857,531.9964550409841,2025-04-16 13:22:00-04:00,0,1,0,2025-04-16,13:22:00,1.0,
531.66,531.69,530.72,530.77,155729,531.9900625819987,2025-04-16 13:23:00-04:00,0,1,0,2025-04-16,13:23:00,1.0,
530.76,530.9697,530.66,530.8463,60029,531.9877692130782,2025-04-16 13:24:00-04:00,0,1,0,2025-04-16,13:24:00,1.0,
530.83,530.94,530.749,530.83,40281,531.9862135557905,2025-04-16 13:25:00-04:00,0,1,0,2025-04-16,13:25:00,1.0,
530.84,530.9876,530.716,530.9876,55560,531.9843662051195,2025-04-16 13:26:00-04:00,0,1,0,2025-04-16,13:26:00,1.0,
530.93,531.2799,530.92,531.24,56581,531.9829664905225,2025-04-16 13:27:00-04:00,0,1,0,2025-04-16,13:27:00,1.0,
531.29,531.55,531.27,531.4302,51806,531.9820163884972,2025-04-16 13:28:00-04:00,0,1,0,2025-04-16,13:28:00,1.0,
531.46,531.6199,531.42,531.5295,57670,531.981152211326,2025-04-16 13:29:00-04:00,0,1,0,2025-04-16,13:29:00,1.0,
530.45,530.45,528.38,528.81,544841,531.9032020140997,2025-04-16 13:31:00-04:00,0,1,0,2025-04-16,13:31:00,1.0,
528.74,529.63,528.415,529.25,254409,531.8813220185893,2025-04-16 13:32:00-04:00,0,1,0,2025-04-16,13:32:00,1.0,
529.18,529.18,528.39,528.975,227894,531.8604097275063,2025-04-16 13:33:00-04:00,0,1,0,2025-04-16,13:33:00,1.0,
528.96,529.13,528.41,528.46,158917,531.8434332923229,2025-04-16 13:34:00-04:00,0,1,0,2025-04-16,13:34:00,1.0,
528.49,529.04,528.4212,528.775,163695,531.8277344126212,2025-04-16 13:35:00-04:00,0,1,0,2025-04-16,13:35:00,1.0,
528.66,528.9594,528.47,528.795,100859,531.8191582499769,2025-04-16 13:36:00-04:00,0,1,0,2025-04-16,13:36:00,1.0,
528.82,529.37,528.53,529.31,187251,531.8045999837296,2025-04-16 13:37:00-04:00,0,1,0,2025-04-16,13:37:00,1.0,
529.25,529.25,528.71,528.84,104191,531.7950598612911,2025-04-16 13:38:00-04:00,0,1,0,2025-04-16,13:38:00,1.0,
528.8,528.98,527.99,528.23,321207,531.7600393734987,2025-04-16 13:39:00-04:00,0,1,0,2025-04-16,13:39:00,1.0,
528.28,528.28,527.33,527.34,341154,531.7144000364319,2025-04-16 13:40:00-04:00,0,1,0,2025-04-16,13:40:00,1.0,
527.29,527.48,526.74,527.19,360472,527.19,2025-04-16 13:41:00-04:00,0,1,0,2025-04-16,13:41:00,0.0,
527.19,527.9277,527.09,527.63,333207,527.63,2025-04-16 13:42:00-04:00,0,1,0,2025-04-16,13:42:00,0.0,
527.72,528.0,527.38,527.46,124401,527.583785401479,2025-04-16 13:43:00-04:00,0,1,0,2025-04-16,13:43:00,1.0,
527.435,527.54,527.11,527.265,109287,527.265,2025-04-16 13:44:00-04:00,0,1,0,2025-04-16,13:44:00,0.0,
527.23,527.23,526.51,526.55,202821,526.55,2025-04-16 13:45:00-04:00,0,1,0,2025-04-16,13:45:00,0.0,
526.58,526.99,526.22,526.435,299788,526.435,2025-04-16 13:46:00-04:00,0,1,0,2025-04-16,13:46:00,0.0,
526.41,526.4247,525.71,525.795,319921,525.795,2025-04-16 13:47:00-04:00,0,1,0,2025-04-16,13:47:00,0.0,
525.77,526.31,525.66,526.03,258591,526.03,2025-04-16 13:48:00-04:00,0,1,0,2025-04-16,13:48:00,0.0,
526.02,526.27,525.68,526.0,177780,526.0177778312491,2025-04-16 13:49:00-04:00,0,1,0,2025-04-16,13:49:00,1.0,
526.07,526.07,525.26,525.49,304137,525.49,2025-04-16 13:50:00-04:00,0,1,0,2025-04-16,13:50:00,0.0,
525.49,526.57,525.28,525.9301,437805,525.9301,2025-04-16 13:51:00-04:00,0,1,0,2025-04-16,13:51:00,0.0,
525.85,526.5,525.8296,526.45,247122,526.45,2025-04-16 13:52:00-04:00,0,1,0,2025-04-16,13:52:00,0.0,
526.48,526.705,526.2,526.2,274930,526.2,2025-04-16 13:53:00-04:00,0,1,0,2025-04-16,13:53:00,0.0,
526.12,526.35,525.54,525.66,232580,531.2150371556384,2025-04-16 13:54:00-04:00,0,1,0,2025-04-16,13:54:00,1.0,
525.65,526.04,525.21,525.34,192797,531.1876263871201,2025-04-16 13:55:00-04:00,0,1,0,2025-04-16,13:55:00,1.0,
525.36,525.46,524.92,524.985,262652,531.117366850972,2025-04-16 13:56:00-04:00,0,1,0,2025-04-16,13:56:00,1.0,
525.0,525.06,524.05,524.2501,454969,531.0341913612689,2025-04-16 13:57:00-04:00,0,1,0,2025-04-16,13:57:00,1.0,
524.23,524.66,523.94,524.6098,306944,531.0066411308954,2025-04-16 13:58:00-04:00,0,1,0,2025-04-16,13:58:00,1.0,
524.6,524.76,524.01,524.1,232097,530.9643761566228,2025-04-16 13:59:00-04:00,0,1,0,2025-04-16,13:59:00,1.0,
524.1,525.84,524.065,525.22,539944,530.883746150846,2025-04-16 14:00:00-04:00,0,1,0,2025-04-16,14:00:00,1.0,
525.18,525.318,524.38,524.475,415724,530.8132470679585,2025-04-16 14:01:00-04:00,0,1,0,2025-04-16,14:01:00,1.0,
524.41,525.14,524.23,525.0078,211765,530.7818342375668,2025-04-16 14:02:00-04:00,0,1,0,2025-04-16,14:02:00,1.0,
525.02,525.41,524.9,525.19,198202,530.7639596802613,2025-04-16 14:03:00-04:00,0,1,0,2025-04-16,14:03:00,1.0,
525.19,525.48,524.91,525.35,189725,530.7379416776984,2025-04-16 14:04:00-04:00,0,1,0,2025-04-16,14:04:00,1.0,
525.38,525.7,525.08,525.635,180583,525.635,2025-04-16 14:05:00-04:00,0,1,0,2025-04-16,14:05:00,0.0,
525.64,525.97,525.36,525.86,154559,525.86,2025-04-16 14:06:00-04:00,0,1,0,2025-04-16,14:06:00,0.0,
525.89,526.04,525.2096,525.3392,185394,525.3392,2025-04-16 14:07:00-04:00,0,1,0,2025-04-16,14:07:00,0.0,
525.3,525.5,525.02,525.07,158554,525.07,2025-04-16 14:08:00-04:00,0,1,0,2025-04-16,14:08:00,0.0,
525.07,525.84,524.72,525.8,173742,525.4516827768014,2025-04-16 14:09:00-04:00,0,1,0,2025-04-16,14:09:00,1.0,
525.82,526.22,525.685,525.91,197696,525.91,2025-04-16 14:10:00-04:00,0,1,0,2025-04-16,14:10:00,0.0,
526.02,526.31,525.8199,525.83,102992,525.83,2025-04-16 14:11:00-04:00,0,1,0,2025-04-16,14:11:00,0.0,
525.94,526.105,525.76,525.9399,79790,530.5748509273614,2025-04-16 14:12:00-04:00,0,1,0,2025-04-16,14:12:00,1.0,
525.89,525.96,525.33,525.4923,132474,530.5584036044312,2025-04-16 14:13:00-04:00,0,1,0,2025-04-16,14:13:00,1.0,
525.5537,526.22,525.5537,526.085,91329,530.5484458410431,2025-04-16 14:14:00-04:00,0,1,0,2025-04-16,14:14:00,1.0,
526.11,526.32,525.52,525.6498,114825,530.5347744166668,2025-04-16 14:15:00-04:00,0,1,0,2025-04-16,14:15:00,1.0,
525.63,525.69,525.21,525.35,79966,530.5247168427925,2025-04-16 14:16:00-04:00,0,1,0,2025-04-16,14:16:00,1.0,
525.3,525.3538,524.81,525.025,133751,525.5461629180476,2025-04-16 14:17:00-04:00,0,1,0,2025-04-16,14:17:00,1.0,
525.02,525.42,524.77,524.91,233049,524.91,2025-04-16 14:18:00-04:00,0,1,0,2025-04-16,14:18:00,0.0,
524.97,525.22,524.69,525.12,140317,525.12,2025-04-16 14:19:00-04:00,0,1,0,2025-04-16,14:19:00,0.0,
525.09,525.16,524.72,525.01,234231,525.01,2025-04-16 14:20:00-04:00,0,1,0,2025-04-16,14:20:00,0.0,
525.02,525.7,525.02,525.61,109304,525.61,2025-04-16 14:21:00-04:00,0,1,0,2025-04-16,14:21:00,0.0,
525.57,526.04,525.03,525.95,136848,525.7990227176705,2025-04-16 14:22:00-04:00,0,1,0,2025-04-16,14:22:00,1.0,
525.9,526.3991,525.89,526.36,163628,526.36,2025-04-16 14:23:00-04:00,0,1,0,2025-04-16,14:23:00,0.0,
526.33,526.56,526.2299,526.28,128696,526.28,2025-04-16 14:24:00-04:00,0,1,0,2025-04-16,14:24:00,0.0,
526.25,526.28,525.85,526.2342,138360,526.2342,2025-04-16 14:25:00-04:00,0,1,0,2025-04-16,14:25:00,0.0,
526.245,526.76,526.22,526.49,126193,530.3289717777703,2025-04-16 14:26:00-04:00,0,1,0,2025-04-16,14:26:00,1.0,
526.54,526.8398,526.07,526.43,213500,530.3143006730118,2025-04-16 14:27:00-04:00,0,1,0,2025-04-16,14:27:00,1.0,
526.43,526.705,525.9547,526.03,169208,530.2975380733304,2025-04-16 14:28:00-04:00,0,1,0,2025-04-16,14:28:00,1.0,
526.0,526.37,525.93,526.0,145603,530.2831178863988,2025-04-16 14:29:00-04:00,0,1,0,2025-04-16,14:29:00,1.0,
526.0,526.1797,525.54,525.615,154839,525.615,2025-04-16 14:30:00-04:00,0,1,0,2025-04-16,14:30:00,0.0,
525.6289,525.95,525.57,525.7,167034,525.6591102235976,2025-04-16 14:31:00-04:00,0,1,0,2025-04-16,14:31:00,1.0,
525.715,525.83,525.3204,525.69,100185,530.2400833881268,2025-04-16 14:32:00-04:00,0,1,0,2025-04-16,14:32:00,1.0,
525.685,525.75,525.4004,525.5763,80005,530.2315786882918,2025-04-16 14:33:00-04:00,0,1,0,2025-04-16,14:33:00,1.0,
525.57,525.92,525.42,525.49,117853,530.2188758128216,2025-04-16 14:34:00-04:00,0,1,0,2025-04-16,14:34:00,1.0,
525.4,525.45,524.99,525.1,160950,530.2002155417817,2025-04-16 14:35:00-04:00,0,1,0,2025-04-16,14:35:00,1.0,
525.19,525.46,525.08,525.3801,60682,530.1935998810604,2025-04-16 14:36:00-04:00,0,1,0,2025-04-16,14:36:00,1.0,
525.36,525.36,524.55,524.58,117708,530.1795450065694,2025-04-16 14:37:00-04:00,0,1,0,2025-04-16,14:37:00,1.0,
524.5551,524.56,524.14,524.227,206894,530.1491363351046,2025-04-16 14:38:00-04:00,0,1,0,2025-04-16,14:38:00,1.0,
524.19,524.479,524.07,524.1356,125323,530.1332297975997,2025-04-16 14:39:00-04:00,0,1,0,2025-04-16,14:39:00,1.0,
524.09,524.55,524.08,524.1903,479881,530.0755650509889,2025-04-16 14:40:00-04:00,0,1,0,2025-04-16,14:40:00,1.0,
524.19,524.19,523.65,523.94,199636,530.0485047342112,2025-04-16 14:41:00-04:00,0,1,0,2025-04-16,14:41:00,1.0,
523.93,524.195,523.68,524.1,100065,530.0358699121115,2025-04-16 14:42:00-04:00,0,1,0,2025-04-16,14:42:00,1.0,
524.11,524.12,523.73,523.81,511359,529.9665531246646,2025-04-16 14:43:00-04:00,0,1,0,2025-04-16,14:43:00,1.0,
523.82,523.9999,523.76,523.9499,103943,529.9529674580923,2025-04-16 14:44:00-04:00,0,1,0,2025-04-16,14:44:00,1.0,
523.985,524.3,523.75,523.75,121990,529.9365726973826,2025-04-16 14:45:00-04:00,0,1,0,2025-04-16,14:45:00,1.0,
523.76,524.2699,523.74,523.89,91352,529.9246286927953,2025-04-16 14:46:00-04:00,0,1,0,2025-04-16,14:46:00,1.0,
524.055,524.3,523.885,523.9975,68887,529.915812972094,2025-04-16 14:47:00-04:00,0,1,0,2025-04-16,14:47:00,1.0,
523.98,524.06,523.8132,523.98,84794,529.9049655348847,2025-04-16 14:48:00-04:00,0,1,0,2025-04-16,14:48:00,1.0,
523.93,523.93,523.64,523.856,95706,529.892514449153,2025-04-16 14:49:00-04:00,0,1,0,2025-04-16,14:49:00,1.0,
523.81,523.84,523.3601,523.4462,224593,529.8584229580172,2025-04-16 14:50:00-04:00,0,1,0,2025-04-16,14:50:00,1.0,
523.46,523.715,523.395,523.595,135203,529.8403663703822,2025-04-16 14:51:00-04:00,0,1,0,2025-04-16,14:51:00,1.0,
523.6097,523.88,523.43,523.43,94317,523.43,2025-04-16 14:52:00-04:00,0,1,0,2025-04-16,14:52:00,0.0,
523.46,523.62,523.12,523.2,140153,529.8098068438395,2025-04-16 14:53:00-04:00,0,1,0,2025-04-16,14:53:00,1.0,
523.195,523.37,523.15,523.19,206318,529.8230028003355,2025-04-16 14:54:00-04:00,0,1,0,2025-04-16,14:54:00,1.0,
523.23,523.77,523.13,523.639,138466,529.7608909951689,2025-04-16 14:55:00-04:00,0,1,0,2025-04-16,14:55:00,1.0,
523.62,523.75,523.4,523.45,104495,529.7470358415801,2025-04-16 14:56:00-04:00,0,1,0,2025-04-16,14:56:00,1.0,
523.36,523.71,523.27,523.322,125676,529.7301155501434,2025-04-16 14:57:00-04:00,0,1,0,2025-04-16,14:57:00,1.0,
523.33,523.38,523.01,523.06,82536,529.7185994285558,2025-04-16 14:58:00-04:00,0,1,0,2025-04-16,14:58:00,1.0,
523.065,523.065,522.72,522.84,287374,522.84,2025-04-16 14:59:00-04:00,0,1,0,2025-04-16,14:59:00,0.0,
522.82,523.09,522.71,523.05,267614,523.05,2025-04-16 15:00:00-04:00,0,1,0,2025-04-16,15:00:00,0.0,
523.06,523.272,522.95,523.17,179667,523.17,2025-04-16 15:01:00-04:00,0,1,0,2025-04-16,15:01:00,0.0,
523.16,523.29,522.69,522.87,171145,523.0236438320239,2025-04-16 15:02:00-04:00,0,1,0,2025-04-16,15:02:00,1.0,
522.87,522.92,522.64,522.6903,156102,522.6903,2025-04-16 15:03:00-04:00,0,1,0,2025-04-16,15:03:00,0.0,
522.6901,522.71,522.0,522.21,247085,522.21,2025-04-16 15:04:00-04:00,0,1,0,2025-04-16,15:04:00,0.0,
522.23,522.65,522.195,522.61,146934,522.61,2025-04-16 15:05:00-04:00,0,1,0,2025-04-16,15:05:00,0.0,
522.61,522.65,521.96,522.023,340327,522.023,2025-04-16 15:06:00-04:00,0,1,0,2025-04-16,15:06:00,0.0,
521.99,522.16,521.86,522.08,268376,522.0481311920591,2025-04-16 15:07:00-04:00,0,1,0,2025-04-16,15:07:00,1.0,
522.071,522.071,521.8151,521.86,110561,521.86,2025-04-16 15:08:00-04:00,0,1,0,2025-04-16,15:08:00,0.0,
521.82,521.9799,521.5701,521.7199,241064,521.7199,2025-04-16 15:09:00-04:00,0,1,0,2025-04-16,15:09:00,0.0,
521.715,521.79,521.03,521.0796,261432,521.0796,2025-04-16 15:10:00-04:00,0,1,0,2025-04-16,15:10:00,0.0,
521.07,521.21,520.86,521.17,384822,521.17,2025-04-16 15:11:00-04:00,0,1,0,2025-04-16,15:11:00,0.0,
521.14,522.1097,521.13,522.055,342018,529.2152355958286,2025-04-16 15:12:00-04:00,0,1,0,2025-04-16,15:12:00,1.0,
522.06,522.43,521.79,522.35,355978,522.35,2025-04-16 15:13:00-04:00,0,1,0,2025-04-16,15:13:00,0.0,
522.36,522.57,521.98,521.98,237530,521.98,2025-04-16 15:14:00-04:00,0,1,0,2025-04-16,15:14:00,0.0,
521.9688,522.35,521.83,522.32,166964,522.32,2025-04-16 15:15:00-04:00,0,1,0,2025-04-16,15:15:00,0.0,
522.305,522.305,521.795,521.8403,270623,522.0233324730852,2025-04-16 15:16:00-04:00,0,1,0,2025-04-16,15:16:00,1.0,
521.84,522.085,521.68,521.68,271579,521.68,2025-04-16 15:17:00-04:00,0,1,0,2025-04-16,15:17:00,0.0,
521.6901,521.74,521.31,521.5096,177402,521.5096,2025-04-16 15:18:00-04:00,0,1,0,2025-04-16,15:18:00,0.0,
521.515,521.78,521.2,521.21,283454,521.21,2025-04-16 15:19:00-04:00,0,1,0,2025-04-16,15:19:00,0.0,
521.1975,521.2399,520.96,521.2,181765,521.2,2025-04-16 15:20:00-04:00,0,1,0,2025-04-16,15:20:00,0.0,
521.1698,521.3599,520.97,521.3153,156210,521.3153,2025-04-16 15:21:00-04:00,0,1,0,2025-04-16,15:21:00,0.0,
521.315,521.32,520.88,521.155,134458,521.2411479867064,2025-04-16 15:22:00-04:00,0,1,0,2025-04-16,15:22:00,1.0,
521.16,521.46,521.1,521.24,177974,521.24,2025-04-16 15:23:00-04:00,0,1,0,2025-04-16,15:23:00,0.0,
521.2,521.2,520.56,520.7327,178625,520.7327,2025-04-16 15:24:00-04:00,0,1,0,2025-04-16,15:24:00,0.0,
520.69,520.73,520.34,520.52,320162,520.52,2025-04-16 15:25:00-04:00,0,1,0,2025-04-16,15:25:00,0.0,
520.5,520.7,520.38,520.4986,178321,520.4986,2025-04-16 15:26:00-04:00,0,1,0,2025-04-16,15:26:00,0.0,
520.44,520.93,520.3,520.7,197723,520.7,2025-04-16 15:27:00-04:00,0,1,0,2025-04-16,15:27:00,0.0,
520.69,520.88,520.4298,520.4298,235581,520.5530962414379,2025-04-16 15:28:00-04:00,0,1,0,2025-04-16,15:28:00,1.0,
520.45,520.71,520.45,520.665,149208,520.665,2025-04-16 15:29:00-04:00,0,1,0,2025-04-16,15:29:00,0.0,
520.69,521.79,520.69,521.69,399645,521.69,2025-04-16 15:30:00-04:00,0,1,0,2025-04-16,15:30:00,0.0,
521.66,521.66,520.99,521.03,316085,521.03,2025-04-16 15:31:00-04:00,0,1,0,2025-04-16,15:31:00,0.0,
521.025,521.96,521.025,521.92,199602,521.92,2025-04-16 15:32:00-04:00,0,1,0,2025-04-16,15:32:00,0.0,
521.9,522.3001,521.75,521.765,249922,521.765,2025-04-16 15:33:00-04:00,0,1,0,2025-04-16,15:33:00,0.0,
521.79,522.055,521.586,521.83,173581,521.83,2025-04-16 15:34:00-04:00,0,1,0,2025-04-16,15:34:00,0.0,
521.81,522.08,521.61,522.0,300041,521.9376955251234,2025-04-16 15:35:00-04:00,0,1,0,2025-04-16,15:35:00,1.0,
521.975,522.185,521.58,521.7099,217977,521.7099,2025-04-16 15:36:00-04:00,0,1,0,2025-04-16,15:36:00,0.0,
521.62,521.71,521.25,521.48,411333,521.48,2025-04-16 15:37:00-04:00,0,1,0,2025-04-16,15:37:00,0.0,
521.6,522.0305,521.5601,521.925,387912,521.925,2025-04-16 15:38:00-04:00,0,1,0,2025-04-16,15:38:00,0.0,
521.9,522.2701,521.68,522.115,195069,522.115,2025-04-16 15:39:00-04:00,0,1,0,2025-04-16,15:39:00,0.0,
522.14,522.53,521.925,522.48,321747,522.48,2025-04-16 15:40:00-04:00,0,1,0,2025-04-16,15:40:00,0.0,
522.49,522.8945,522.33,522.845,317007,522.6611457227666,2025-04-16 15:41:00-04:00,0,1,0,2025-04-16,15:41:00,1.0,
522.82,522.86,522.29,522.7198,344929,522.7198,2025-04-16 15:42:00-04:00,0,1,0,2025-04-16,15:42:00,0.0,
522.7298,522.898,522.46,522.8,257354,522.8,2025-04-16 15:43:00-04:00,0,1,0,2025-04-16,15:43:00,0.0,
522.76,523.0,522.4,522.46,214403,522.46,2025-04-16 15:44:00-04:00,0,1,0,2025-04-16,15:44:00,0.0,
522.42,523.0901,522.42,522.89,352502,522.89,2025-04-16 15:45:00-04:00,0,1,0,2025-04-16,15:45:00,0.0,
522.89,522.99,522.4,522.5399,181146,522.5399,2025-04-16 15:46:00-04:00,0,1,0,2025-04-16,15:46:00,0.0,
522.58,522.98,522.47,522.53,309704,522.5336535507793,2025-04-16 15:47:00-04:00,0,1,0,2025-04-16,15:47:00,1.0,
522.53,522.61,522.12,522.505,515883,522.505,2025-04-16 15:48:00-04:00,0,1,0,2025-04-16,15:48:00,0.0,
522.52,522.98,522.505,522.91,331022,522.91,2025-04-16 15:49:00-04:00,0,1,0,2025-04-16,15:49:00,0.0,
522.93,524.63,522.93,524.57,945521,524.57,2025-04-16 15:50:00-04:00,0,1,0,2025-04-16,15:50:00,0.0,
524.615,525.06,524.115,525.06,491635,525.06,2025-04-16 15:51:00-04:00,0,1,0,2025-04-16,15:51:00,0.0,
525.03,525.47,524.65,525.3,540264,525.3,2025-04-16 15:52:00-04:00,0,1,0,2025-04-16,15:52:00,0.0,
525.28,525.31,524.84,525.06,525251,525.1816907880227,2025-04-16 15:53:00-04:00,0,1,0,2025-04-16,15:53:00,1.0,
525.08,525.85,525.07,525.51,702238,525.51,2025-04-16 15:54:00-04:00,0,1,0,2025-04-16,15:54:00,0.0,
525.49,525.57,524.16,525.495,663166,525.495,2025-04-16 15:55:00-04:00,0,1,0,2025-04-16,15:55:00,0.0,
525.49,526.02,525.47,525.94,592430,525.94,2025-04-16 15:56:00-04:00,0,1,0,2025-04-16,15:56:00,0.0,
525.94,526.09,525.6501,525.92,459339,525.92,2025-04-16 15:57:00-04:00,0,1,0,2025-04-16,15:57:00,0.0,
525.92,526.16,525.86,526.08,690445,526.08,2025-04-16 15:58:00-04:00,0,1,0,2025-04-16,15:58:00,0.0,
526.06,526.07,525.39,525.73,2217453,525.8131032415855,2025-04-16 15:59:00-04:00,0,1,0,2025-04-16,15:59:00,1.0,
