residuals,y_pred
-371200.0,34702800.0
-22815424.0,54376424.0
21437232.0,154681568.0
-620656.0,2592556.0
-66647524.0,187223424.0
-547959.3125,773359.3125
-94924096.0,255338496.0
25366344.0,80932856.0
117318.921875,165781.078125
8408082.0,16795918.0
238655568.0,385440032.0
1202793.0,16037107.0
12179200.0,70995200.0
54610740.0,226934160.0
7742384.0,51412016.0
-50121064.0,160505264.0
-21483360.0,68480160.0
79815788.0,165430512.0
-5363708.0,9370208.0
-18714336.0,77332736.0
-153164.0,99036864.0
-36347392.0,112164992.0
-811526.0,5022326.0
1237084.0,195272016.0
-1271512.0,91110312.0
950748.28125,-317748.28125
-73759.46875,275359.46875
2198888.0,48041512.0
165224.0,37727376.0
-397852.0,37624652.0
-11374432.0,67688032.0
43880184.0,163719616.0
3978668.0,35650232.0
-160751.75,1758551.75
369137.796875,-189237.796875
-18305748.0,83775448.0
-15974012.0,67212912.0
-1774653.0,9044753.0
265823.0,6182277.0
-13319260.0,67231960.0
-2101781.5,6457281.5
5910451.5,1438148.5
-19699392.0,47056692.0
-15838720.0,277344320.0
29546756.0,75563944.0
13191544.0,48224056.0
4822936.0,68817864.0
-603793.625,636193.625
490666.0625,1040333.9375
-6685500.0,53855500.0
1767232.0,35996768.0
-142774892.0,256865792.0
57534472.0,62945028.0
38015252.0,68637648.0
-10211892.0,52326492.0
5511616.0,36603284.0
10715464.0,62083936.0
-29662400.0,115907400.0
645578.0,9972522.0
89858316.0,145501984.0
-15533788.0,90374088.0
-8187820.0,52621120.0
12885632.0,276695968.0
-7414596.0,58466396.0
36024.875,739475.125
647930.0,11292870.0
36401892.0,146276608.0
-9643184.0,81320384.0
-18857588.0,50711888.0
-476548.5,784148.5
-762788.75,1217388.75
-5529108.0,33186108.0
84262876.0,139379424.0
-57833376.0,220164576.0
-57301708.0,146685008.0
-16222172.0,75918872.0
-712744.5,1070944.5
6711352.0,55876848.0
3073824.0,52778076.0
-5401964.0,40917164.0
-3244234.0,5077034.0
-21697556.0,68793856.0
-4216704.0,59886404.0
6408832.0,120254168.0
-82783112.0,264750912.0
-26349400.0,234003600.0
-2631816.5,6587316.5
-9597340.0,67106240.0
-1159702.0,7206702.0
286305.0,9345195.0
87609096.0,91136304.0
-4383334.0,21868934.0
-32046328.0,137243328.0
3580284.0,33758516.0
4465868.0,25330232.0
11105172.0,102958728.0
20895324.0,42642676.0
26404552.0,195924448.0
-4725358.0,23843958.0
-139496.0,102177496.0
-1444020.0,59774020.0
-20621264.0,104054264.0
-1316380.875,1406280.875
22560200.0,202938000.0
-612871.4375,630571.4375
-2906019.0,7347519.0
-4498746.0,13533046.0
-429883.3125,845483.3125
2155844.0,9395856.0
-252397.75,3819897.75
-5942644.0,60719544.0
-16058280.0,74346680.0
-388664.0,100607664.0
-3223048.0,67573048.0
-499467.875,612367.875
-3931268.0,17611568.0
1739076.0,87324224.0
136931.765625,-107631.765625
-873293.125,1524093.125
-9368316.0,54873616.0
-6470724.0,116015824.0
-13401358.0,31988858.0
-411899.0625,1017599.0625
232592184.0,100852216.0
15625324.0,50172276.0
-8797512.0,84221512.0
-24097852.0,129113952.0
-20538536.0,62354636.0
-12767656.0,126189856.0
4695748.0,98775352.0
-255993.0,4521493.0
-2177259.0,10925259.0
-1959783.5,7750883.5
-11904364.0,162954464.0
-322963.5,2145663.5
-685797.0625,990997.0625
-163756.90625,517556.90625
4204744.0,157854256.0
-47943884.0,110933584.0
-2083460.0,156328960.0
712490.8125,-560690.8125
2833921.0,9502979.0
-7784224.0,93378024.0
-28016020.0,162201520.0
-3313437.0,7639037.0
3145784.0,67269616.0
-35166864.0,128766864.0
2777272.0,69625328.0
-19917160.0,123120160.0
-7443884.0,47472584.0
-3390920.0,56511120.0
188960.0,9852840.0
32282320.0,137623680.0
-1292498.0,1424598.0
-1581714.5,3376514.5
8041183.0,16707317.0
27930356.0,301635744.0
-8382656.0,78884856.0
49553536.0,61081264.0
-8493632.0,48911832.0
-10758256.0,48175056.0
1815016.0,194257584.0
24895604.0,84899296.0
-698545.125,1000945.125
-21155444.0,91312544.0
8109948.0,60991452.0
1446460.0,37254740.0
3878824.0,66677676.0
2771288.0,67869712.0
-21726512.0,71773312.0
-17287260.0,78384960.0
10081000.0,72481600.0
56157188.0,69853912.0
6300610.0,4306190.0
30453688.0,74363712.0
-45017244.0,329118944.0
-10114656.0,51266756.0
1239004.0,63455596.0
-7909344.0,64717944.0
503504.0,84475496.0
47445752.0,218447248.0
1111604.0,113401896.0
112164.0,74766936.0
-22719232.0,63351132.0
12868796.0,42714904.0
14026624.0,124736176.0
-13341836.0,60790536.0
19553280.0,65461620.0
-15920220.0,82385120.0
-8601552.0,107743352.0
-20817396.0,280916096.0
-7446368.0,59599568.0
-57521196.0,429164096.0
-45540572.0,346411072.0
-17130080.0,63884580.0
-431811.375,565811.375
-11782708.0,103245208.0
-21715812.0,93724512.0
77530112.0,105948888.0
18362956.0,31056144.0
-1309064.0,152804864.0
-347044.75,2343544.75
-1418623.25,1731923.25
-55028948.0,392503648.0
1633546.0,2742454.0
113622708.0,212168192.0
-15705980.0,175201680.0
-9669912.0,74556912.0
476399.5,7205600.5
-29400612.0,216680112.0
-643665.6875,686265.6875
-4126192.0,12390092.0
19193252.0,77768648.0
-18478552.0,195181552.0
40226552.0,172602048.0
-1347214.5,7256314.5
103440416.0,100020184.0
-449984.0,666284.0
-12512584.0,74552984.0
-14160840.0,62562640.0
-1013882.0,30957982.0
-7412952.0,136017952.0
16557268.0,68989232.0
-14525636.0,69924936.0
-1791356.0,17779456.0
-7644220.0,68957720.0
1226448.0,95212152.0
-37043956.0,156129456.0
7468040.0,55413960.0
1385998.6875,-975698.6875
-55150036.0,198722336.0
-37140676.0,162487376.0
-23288084.0,99986384.0
10840776.0,123203824.0
3634820.0,24188880.0
27930792.0,114571008.0
2321552.0,74968248.0
-6009084.0,88177384.0
-1966016.0,92371216.0
-9759908.0,94614608.0
-34158540.0,122379040.0
5602568.0,58701432.0
-573019.5,643919.5
76393.58984375,42806.41015625
-1499864.0,16171864.0
12151312.0,25920988.0
5413327.0,14966473.0
-22840228.0,132985928.0
-20495144.0,78621144.0
-5357492.0,9366292.0
-3100166.0,22430966.0
44704800.0,263328000.0
-17283572.0,64426172.0
31212228.0,82413072.0
-161660.75,1294760.75
-14752704.0,37435504.0
660244.34375,459955.65625
-28624044.0,135571744.0
2008596.0,110420704.0
14517044.0,24750456.0
-803330.125,1064830.125
78466712.0,208081088.0
36706676.0,85640224.0
3181835.5,5031364.5
-839340.1875,961240.1875
-6205240.0,87061040.0
-34122936.0,133617936.0
734918.0,5601382.0
8876548.0,105244752.0
4950452.0,33600948.0
-11499104.0,69304504.0
-9580340.0,59955740.0
-514352.0,10453852.0
-2181625.5,6267325.5
13039892.0,56613508.0
-2946700.0,39098700.0
-40046864.0,115921464.0
-85650432.0,267567632.0
30847168.0,77181032.0
14018824.0,53302776.0
-28137360.0,204022160.0
-27320820.0,73666320.0
-3869508.0,43021608.0
895288.0,57138812.0
1961532.0,55877468.0
353625.6328125,-111825.6328125
-18525148.0,58367248.0
1231852.0,9918148.0
-2345964.0,58216564.0
-11969148.0,270566048.0
18416576.0,144978624.0
-2656412.0,80853512.0
-71899.5,8234699.5
-21472.0,5369172.0
218888.28125,-138988.28125
-20015584.0,73587384.0
-2078392.0,86100592.0
-26345308.0,100211408.0
-4682596.0,63202796.0
-4871000.0,130872800.0
-3631937.0,11384337.0
-235688.59375,367388.59375
-525446.875,736046.875
-2723536.0,165297536.0
1283396.0,198332704.0
-14016536.0,101507936.0
-131143.0,6697443.0
-3641992.0,46174892.0
13807300.0,43616300.0
-55762904.0,150868304.0
-13457876.0,57450576.0
28748776.0,186561824.0
-1086928.125,1198528.125
-33774612.0,140916112.0
-88280476.0,356303776.0
-1235748.875,1463848.875
-27090736.0,53548636.0
-1524283.75,2637183.75
-72240.25,1133040.25
4031820.0,85057280.0
289310.0,9473590.0
-15677360.0,82803960.0
-558143.0,8074243.0
50712636.0,72234464.0
-215442.09375,443042.09375
-22818156.0,72763456.0
-45776204.0,105533504.0
-367444.46875,457244.46875
-1432818.0,31603218.0
-28282496.0,88444696.0
-17846100.0,52450800.0
17473392.0,221145408.0
-4246652.0,38654352.0
-177256536.0,382675936.0
38778740.0,116235560.0
-56005048.0,154331648.0
-179220.0,46624120.0
-2770084.0,10239884.0
215666.5,7698333.5
-5309776.0,22090876.0
-59788.59375,367388.59375
1288244.0,45899156.0
12546.875,537853.125
-11974616.0,120101416.0
-1068675.0,5605875.0
-9121024.0,39749624.0
15357420.0,45035680.0
11860828.0,50598972.0
-25693648.0,182180448.0
8090476.0,89868824.0
-1342743.5,5676143.5
942509.84375,-463509.84375
26242648.0,155118352.0
17256664.0,90850936.0
-6952004.0,64147104.0
-2675391.0,12448291.0
49803528.0,53465272.0
-9769240.0,37669840.0
358099.0,2603101.0
-10441204.0,168072704.0
-782880.625,1407480.625
-509458.5,4593958.5
4952848.0,36031652.0
-4043448.0,67737248.0
-19631060.0,113642560.0
-1034962.5,1353162.5
-2689815.0,8650615.0
886770.0,9196130.0
-371992.0,41860392.0
-33435544.0,123321544.0
2692332.0,42763568.0
-15199148.0,196095248.0
-3912808.0,146943808.0
-3615289.0,8417689.0
-57540272.0,273914272.0
9119516.0,92950584.0
-12346160.0,195287760.0
-4698432.0,53555932.0
-11970768.0,88612368.0
844949.0,8490251.0
-4152948.0,21306548.0
108461436.0,168740864.0
-31536156.0,264821056.0
140322404.0,193964096.0
-2401505.5,4787605.5
-4013480.0,59179680.0
1446869.0,7016331.0
12491568.0,56682632.0
-1573968.0,7437868.0
3023591.0,3304209.0
-6848504.0,49787604.0
-32542128.0,94492528.0
29540884.0,114661416.0
3516892.0,55834008.0
18560836.0,227751664.0
-9305940.0,51622440.0
-35540448.0,202898048.0
91887064.0,259617136.0
3948052.0,32378248.0
-3175292.25,3447192.25
-1946803.5,4695003.5
-5378600.0,53579600.0
16685736.0,379501664.0
30626824.0,212460976.0
-8184800.0,69965600.0
21185595.0,11296005.0
-1937752.0,62366752.0
15691244.0,74992656.0
93476984.0,97128216.0
-23517756.0,49279356.0
-105756716.0,345109216.0
804849.5,7359450.5
-1006108.0,45233208.0
-61943656.0,115818256.0
3882188.0,122035912.0
58421112.0,283019488.0
568992.0,63173508.0
-2409840.0,79630040.0
13467332.0,42773768.0
-55970452.0,215287952.0
450871.0,10574029.0
-16086704.0,100612504.0
20241720.0,43315680.0
-843572.5,1204372.5
3603360.0,160337440.0
10609232.0,41920268.0
-29025744.0,352859744.0
-2534194.75,3289194.75
-917106.0,8620206.0
26985276.0,150729824.0
-3086628.0,39197128.0
-99768.5625,334868.5625
62881588.0,83471112.0
-11909436.0,124861736.0
-1231012.0,73294912.0
3055759.5,7290240.5
2418844.0,74198056.0
-3630588.0,60338288.0
-15611900.0,76117800.0
24907344.0,85377056.0
26448756.0,92227544.0
-4619076.0,51678276.0
1138595.0,7696005.0
-12246020.0,72939120.0
-11713848.0,49002648.0
24458612.0,35304988.0
-798644.0,58739744.0
-27930104.0,75228104.0
-552224.0,881724.0
-4921028.0,61229828.0
44890908.0,150304192.0
10044456.0,59132344.0
-46393268.0,284594368.0
480751.0,3923349.0
-13139712.0,100592712.0
-1536028.0,10381428.0
18243892.0,68139608.0
-16975468.0,206244368.0
-5844000.0,52824500.0
-23103524.0,71576824.0
2824376.0,38306624.0
-10321816.0,40802316.0
-51649588.0,273293088.0
-6394060.0,78875560.0
-15748336.0,176963536.0
-72712744.0,354532544.0
-12425168.0,53391968.0
997374.0,2404426.0
-4439886.0,24430586.0
6184212.0,19872088.0
-13953460.0,235538960.0
-199186.625,2067386.625
-421519.5,643919.5
-6360548.0,183896848.0
15855448.0,124046152.0
9736720.0,92994680.0
26587968.0,85056032.0
-283570.75,4114570.75
11665237.0,12252963.0
-30487012.0,143511312.0
2470418.375,1518081.625
245981932.0,530132768.0
51461984.0,89993816.0
-109197376.0,349272576.0
-12678.0,352178.0
17772800.0,59926100.0
-8178808.0,75725008.0
-356253.09375,520553.09375
-3601610.5,8140510.5
3771180.0,53923420.0
3776144.0,42486256.0
-22776744.0,90027744.0
4880020.0,80462680.0
15103264.0,81780136.0
-12029424.0,141077824.0
-21132408.0,72436408.0
-455711.375,565811.375
647021.0,3512779.0
-81789524.0,230157024.0
9390888.0,91884712.0
-2418802.5,7221002.5
-5100228.0,55345028.0
-17309148.0,81523848.0
4934960.0,53743640.0
66044384.0,117490416.0
637568.71875,435831.28125
-4976975.0,7780875.0
-2875500.0,53909800.0
-1987957.5,4846057.5
-350564.5,459564.5
20571936.0,79938464.0
-163800.0,38560100.0
-4251781.0,10023981.0
-1873024.0,74398024.0
19978676.0,106939224.0
-875259.0,1075759.0
-33229432.0,72383232.0
9037460.0,98705640.0
31220.0,98036880.0
-10120160.0,49024260.0
2124848.0,87132952.0
7366368.0,168685232.0
17770872.0,97579728.0
11225716.0,57070284.0
-29293788.0,64924888.0
-19077968.0,76813368.0
-1480784.0,67917184.0
-61804480.0,222374880.0
20845004.0,42406296.0
10859248.0,62724552.0
13878992.0,184817408.0
-19762184.0,49157884.0
-129113.75,1175013.75
-4701225.5,7635725.5
-1027365.0,7502065.0
-11002700.0,399220800.0
-2834076.0,156724976.0
-933096.6875,961396.6875
-1275132.0,57777432.0
-7057969.0,10830769.0
-13527204.0,126936104.0
-32760404.0,184334304.0
2704488.0,84158312.0
6859690.0,18798810.0
-9748884.0,50637184.0
-1205305.25,2513705.25
110011056.0,227970944.0
15084316.0,81210584.0
-1868845.0,8403945.0
-35283928.0,75125728.0
-8549036.0,88819736.0
1136201.375,1080998.625
-486234.25,725434.25
-603578.4375,757778.4375
-401200.625,763400.625
764509.75,2159190.25
-1209331.375,1268731.375
267381.5,7966218.5
20862640.0,71240360.0
-89838068.0,262568768.0
11688492.0,73519808.0
7989492.0,51055408.0
15934300.0,128461800.0
35294984.0,124371016.0
-16986320.0,201413120.0
-25355976.0,149240176.0
720182.5,2178317.5
-19883716.0,140675216.0
-10358720.0,95486520.0
-2600692.0,44747692.0
-2250382.0,8479882.0
-13701180.0,65139080.0
-777850.125,926150.125
-22280936.0,109681936.0
-3007624.0,51110324.0
29536972.0,76930128.0
-7378708.0,65355208.0
9298948.0,88172952.0
-409910.5,6725510.5
31219152.0,209643648.0
272684.0,121705216.0
-33404616.0,122453416.0
10226536.0,215348864.0
-25968020.0,74965520.0
30401600.0,82993200.0
12197612.0,63570188.0
-43394344.0,134139944.0
-5262496.0,22721196.0
-563329.75,1233229.75
-475412.0,134517712.0
-3152912.0,114619312.0
-20098492.0,68440192.0
-55081160.0,120490360.0
12742664.0,71020336.0
276109768.0,386497632.0
-890865.625,1084165.625
-13789744.0,265367344.0
-29484336.0,91599536.0
-3515100.0,37551700.0
-53078920.0,197840720.0
54962008.0,117996992.0
7185408.0,84346392.0
-1165498.25,2360598.25
-29953884.0,93857784.0
-24720936.0,77257936.0
652820.0,62079380.0
-22948976.0,103924976.0
28433856.0,83327544.0
-6372588.0,94688688.0
33592192.0,77714808.0
-28560120.0,143652320.0
-14583180.0,60998580.0
-9460984.0,105797384.0
12962020.0,75970480.0
-13650464.0,224561264.0
-127642.09375,443042.09375
-69750036.0,214055536.0
226361.31640625,-59061.31640625
11174704.0,245479696.0
-100712652.0,219650752.0
11916116.0,45619784.0
26113120.0,63835080.0
-10365656.0,169625056.0
4503048.0,47860552.0
-12309656.0,59075056.0
-63278536.0,226334736.0
47809752.0,421492448.0
-193251.0,5719951.0
3313936.0,6888664.0
-579277.5,2423677.5
-38789256.0,196494256.0
66950120.0,134624480.0
-5123800.0,191720000.0
168009.75,2159190.25
6730044.0,66581356.0
-315130.25,892930.25
-18803424.0,92672424.0
33016660.0,271605440.0
15760120.0,103967480.0
-2705610.0,8911510.0
-4199244.0,125631144.0
25090396.0,198305904.0
73032256.0,138032144.0
-619012.875,1499112.875
158876.25,1966923.75
6474896.0,88525904.0
-312669.375,1313969.375
-13812988.0,101878688.0
-62320208.0,139184608.0
33808628.0,220101472.0
-2374408.0,126111408.0
256582.875,481617.125
-127662020.0,363269120.0
-2519468.0,21142768.0
23584236.0,288169664.0
1007920.0,37897080.0
10021616.0,75245384.0
-81800.0,163188800.0
-9988160.0,75919560.0
10736041.0,13500859.0
-228974.09375,515174.09375
-6262104.0,147995504.0
-2209571.5,5210571.5
-1264118.75,2472118.75
-14004112.0,47098312.0
11429412.0,59337188.0
-4103120.0,77077120.0
-11225516.0,62358516.0
16151164.0,18560636.0
-15833552.0,97129552.0
-2616064.0,11124264.0
1505479.0,9391821.0
-1037588.0,6694488.0
-454925.5625,569425.5625
71339672.0,429569728.0
3866080.0,53034120.0
17011516.0,73146184.0
2678120.0,65565080.0
-2134948.5,8096648.5
-9157324.0,99192224.0
-19889832.0,71486232.0
13258528.0,69651472.0
-975984.0,4163584.0
-5035124.0,84702024.0
-57050464.0,270251264.0
-25406300.0,97099000.0
-171880624.0,233942224.0
-316338.28125,446038.28125
-3327422.0,7992722.0
-1784717.0,8262317.0
56012916.0,80298584.0
5584149.0,9744451.0
-1006555.375,1089155.375
-1521853.25,1602553.25
1413060.0,57981840.0
-1252180.0,59199280.0
11926630.0,32471470.0
-2257463.0,13430763.0
8983216.0,36092884.0
-7518880.0,96854480.0
-963248.875,1463848.875
75296656.0,93108344.0
25268948.0,102631352.0
-218216.25,865616.25
-24828844.0,64300444.0
-13405016.0,63633616.0
8839635.5,8016464.5
-2205425.0,8363325.0
-11381888.0,31918688.0
-20370864.0,76886264.0
-1496672.0,56678772.0
-41200584.0,172279584.0
239980.5,643919.5
-26944296.0,105718296.0
-38891704.0,94746104.0
-14275996.0,82562896.0
51660396.0,77016904.0
-656676.0,16399676.0
-52553444.0,155651744.0
1894616.0,78479784.0
-867528.0,8548028.0
33666760.0,90717440.0
16929404.0,83023696.0
21581020.0,60756680.0
-657228.125,1198528.125
486332.125,1101067.875
-3650988.0,36488888.0
-17201800.0,113135800.0
-15844144.0,239289344.0
-24574028.0,77001128.0
-3082254.0,10544654.0
-45200676.0,180208976.0
64351080.0,397634720.0
-1287404.0,38732404.0
80755.4375,759544.5625
-763777.25,849677.25
74277.1328125,-40277.1328125
287520860.0,219723440.0
68294668.0,301538432.0
43396412.0,80386088.0
-14876360.0,78715360.0
-72184192.0,180396592.0
-3362742.5,4869842.5
1926816.0,69065984.0
-2341148.0,9447848.0
-11330356.0,162416256.0
-4270616.0,69272816.0
-6134680.0,69570080.0
-728064.3125,1046564.3125
23968288.0,128144312.0
-11599984.0,108907384.0
26446560.0,62729840.0
-11617160.0,139129360.0
29508132.0,54364568.0
138811.0,8607289.0
-30203668.0,570555968.0
-645538.625,1159938.625
-589866.5,5236266.5
-5963226.0,21085926.0
46052920.0,66769780.0
-69365660.0,306740160.0
-699475.125,739475.125
5913944.0,41015756.0
6200804.0,129015896.0
-15767892.0,105354192.0
6487952.0,65938048.0
-2906218.5,7467018.5
20291580.0,44721520.0
-23184436.0,89807536.0
-3211252.0,44132552.0
14800208.0,57637792.0
22920844.0,171757056.0
4308384.0,45025416.0
840068.1875,-714268.1875
-36105856.0,98514056.0
-4818344.0,104525144.0
122410424.0,358714176.0
-1010820.0,1081720.0
-2558333.5,6164833.5
-21472156.0,116018056.0
53834.3125,345165.6875
-9421272.0,83848472.0
-4150992.0,184102192.0
903732.0,86292768.0
560168.0,57346032.0
86452.0,3117848.0
7060412.0,251581088.0
-27280972.0,85171072.0
1595824.75,2625775.25
-3673904.0,65752804.0
10231104.0,50615696.0
257764.0,34375236.0
-9752830.0,30225630.0
272979.625,565220.375
-4274854.0,21807754.0
-349408.6875,369708.6875
-4901952.0,51505152.0
378525.6328125,-111825.6328125
120626.25,1243973.75
2882545.0,9924655.0
-8228124.0,51670524.0
15049372.0,191356928.0
8194884.0,91056816.0
11782040.0,273940160.0
-56446584.0,176253984.0
-93882664.0,287657664.0
2842261.5,6679138.5
-10869340.0,48272440.0
83564304.0,389708896.0
-14949324.0,58130924.0
47567.75,2763032.25
65562688.0,83595512.0
2412568.0,45067832.0
3198444.0,43500756.0
444206.5,6334493.5
-1619860.5,4492360.5
-975879.0,1068679.0
10146002.0,28552998.0
-42233648.0,167087648.0
24359832.0,67436168.0
-19336268.0,230913968.0
250092.0,33580008.0
7883176.0,77769224.0
42306976.0,229927824.0
38256712.0,153022288.0
2563392.0,150007008.0
-2024816.0,79504016.0
-84403128.0,386176128.0
4074648.0,135375552.0
-282056.0,7161156.0
5643520.0,46373580.0
-8918992.0,154082592.0
-16581532.0,59040432.0
-1475461.75,2580261.75
-6119016.0,61469316.0
-2690276.0,11227876.0
-50412968.0,95781768.0
53006048.0,106067552.0
1870024.0,78372776.0
-19000476.0,109814176.0
-9789140.0,106451840.0
-41610184.0,222219984.0
-21880440.0,117052640.0
-4255443.5,7370443.5
-3275699.0,11093399.0
11474268.0,85157032.0
640846.0,8242554.0
17445732.0,63555668.0
-12547480.0,66559680.0
-12005052.0,72362752.0
60390836.0,213016064.0
42179908.0,194138592.0
34823252.0,264258448.0
-8714484.0,35443584.0
1888076.0,40080724.0
-140170480.0,674655680.0
-630466.625,1496366.625
641704.0,71984296.0
-7500580.0,115924680.0
4027622.0,24592778.0
-13342248.0,63553148.0
-606324.0,885824.0
-49619112.0,160645312.0
-854530.375,1368930.375
-325793.625,636193.625
-14602892.0,62038192.0
-1581980.0,1638180.0
-14863160.0,77755360.0
-87288.59375,367388.59375
-20274616.0,95247616.0
-22589420.0,81315320.0
14360688.0,121738512.0
-983644.75,1362944.75
-14927360.0,66782360.0
50770024.0,275664576.0
-2339152.0,76305752.0
-21766344.0,124699144.0
2726688.0,55102912.0
11592104.0,61128396.0
2044838.0,10214262.0
17114884.0,45207416.0
-699230.1875,869430.1875
490677.1328125,-40277.1328125
60598276.0,111525424.0
-2168884.0,8050084.0
13353496.0,316653504.0
-72623208.0,228735408.0
5714250.0,5506850.0
-38062664.0,111837664.0
-33499520.0,192616720.0
-925670.75,2627770.75
-5765624.0,43677824.0
-10669704.0,179156704.0
35619548.0,172776352.0
13983096.0,57381704.0
5612160.0,87356240.0
747827.75,1853272.25
3183168.0,452400832.0
1138880.0,59600020.0
-929394.5,5122794.5
-10238424.0,92375424.0
-7264880.0,61692480.0
-19846332.0,87728632.0
3475048.0,57364852.0
68284356.0,106627344.0
-28565188.0,70752288.0
-9857096.0,78333896.0
1664992.0,36734808.0
-11308896.0,136399696.0
-18536672.0,92607072.0
1097341.5,5150058.5
-58621624.0,300138624.0
-11974760.0,114389760.0
-533364.0,39786964.0
-5468416.0,53349116.0
-40013272.0,93003272.0
-9122484.0,46393284.0
-29570996.0,88168496.0
4231696.0,122436304.0
10029040.0,125882160.0
-4160552.0,72121552.0
-8141752.0,64020552.0
-733751.375,934751.375
-1773530.0,7393830.0
-12567436.0,42744836.0
68561004.0,177888496.0
-26276584.0,212985584.0
-7003064.0,50430464.0
-4400424.0,75645824.0
8606216.0,46673184.0
25792732.0,94942968.0
-589482.0,24344882.0
1848736.0,55638664.0
-7737424.0,53216524.0
-2456287.5,5647587.5
5582276.0,58056524.0
-3276518.0,8825018.0
-19142044.0,51665044.0
-3258869.0,9593269.0
532211.0625,985988.9375
-2737320.5,7714820.5
16628868.0,83781432.0
-402913.3125,632713.3125
1824524.0,59587576.0
-969066.25,1209866.25
113391296.0,193647104.0
313741.0,9374559.0
-45800660.0,137990160.0
-5576912.0,70607112.0
22683660.0,100940040.0
-40631220.0,142658320.0
1697772.0,186878528.0
-1226693.5,4914993.5
-149252.0,12450352.0
108764192.0,212512608.0
-7183912.0,51944812.0
-21494656.0,108842656.0
1943644.0,10268356.0
1006077.0,8752723.0
-27002488.0,96453088.0
-24888916.0,72983416.0
10971060.0,92205240.0
-18985348.0,99402848.0
1975088.0,61124612.0
-40226164.0,105618864.0
11787333.0,8753767.0
416426.234375,132773.765625
-610699.0625,1017599.0625
-24636052.0,133373552.0
3542744.0,97044256.0
-1135943.875,1183843.875
-27929096.0,168402896.0
-441843.9375,662043.9375
-14268888.0,53474588.0
65175648.0,317749152.0
250362.9375,472037.0625
-20936984.0,214145184.0
14146928.0,257716672.0
2046721.5,4661278.5
309722.6875,607877.3125
3675004.0,43004796.0
16293668.0,48084532.0
43867400.0,87929000.0
-18352056.0,92308456.0
-515452.0,121925552.0
-1205259.125,1859359.125
25725320.0,52980280.0
-855530.25,892930.25
22566632.0,84179968.0
-10111776.0,44516776.0
-18104124.0,139833824.0
9465020.0,75804480.0
-285973.5,5193073.5
-1645384.0,72553584.0
28767336.0,85061864.0
-782878.9375,1006178.9375
-262226.75,4183126.75
-929805.25,2513705.25
1148335.5,5833964.5
-11677208.0,38429208.0
-407612.0,17129512.0
-1174998.0,19541798.0
21492040.0,91540160.0
25406584.0,163854416.0
3103976.0,238343424.0
819250.21875,-441050.21875
-4272940.0,88710640.0
14076844.0,65329356.0
-2755552.0,21714452.0
-13698676.0,98059576.0
-14715920.0,78080920.0
-732629.5,836129.5
4174783.0,10177017.0
-948464.25,4103364.25
47362680.0,202063120.0
-878331.0,4211931.0
-18304248.0,84823448.0
4029174.0,31583426.0
-9218860.0,75583960.0
-7789228.0,58731528.0
-358415.0,12110715.0
-10307268.0,126149168.0
-12753528.0,46073428.0
-2976998.0,4543398.0
-5856797.5,7293397.5
-14106872.0,52535472.0
-4286784.0,12529284.0
-21293044.0,80542544.0
31822680.0,58963120.0
-631524.25,1246524.25
-8604864.0,70200264.0
410496.5,5435303.5
-899310.875,1335810.875
-969307.0,1055607.0
-6191146.0,22068246.0
31642424.0,96428176.0
-354883.0625,811283.0625
-802968.0,4136468.0
-16722972.0,89195272.0
59218376.0,136700224.0
1354474.0,30289326.0
72143860.0,244107440.0
-6776.0,36868976.0
4007632.0,100816768.0
-13329984.0,69950184.0
-3322504.0,65895704.0
1273304.0,64841296.0
19646624.0,248950176.0
-2015335.0,5090635.0
18624880.0,133333520.0
-761917.5,5365717.5
-1419552.0,66001752.0
-4664236.0,60537336.0
20010392.0,79715608.0
10646472.0,103850728.0
-3720080.0,37566480.0
7213064.0,209277136.0
-1286318.5,8268218.5
-25510644.0,140377344.0
-11177820.0,79748320.0
1608628.0,87090072.0
2515344.0,42896656.0
13507620.0,60434080.0
-5826816.0,19452216.0
6657256.0,247112144.0
99178408.0,318500992.0
-20233840.0,107452840.0
38707564.0,106503336.0
49166920.0,181608880.0
-14823640.0,46720440.0
32529564.0,71551536.0
-1006545.25,1227945.25
9171139.0,13391961.0
-3445216.0,61471116.0
-23479708.0,68473008.0
1121924.0,47587176.0
-2678257.0,8701857.0
5508625.0,15968475.0
-28684480.0,147008080.0
-2709304.0,191047104.0
-2410864.0,72347064.0
4872912.0,70166888.0
2387148.0,88831752.0
-54623020.0,160678320.0
-2042279.0,14151979.0
-616280.0,79688880.0
-499405.125,554605.125
-1302352.0,51326952.0
-4905684.0,60074284.0
6212776.0,10608324.0
-1059531.375,1268731.375
-14079392.0,83841192.0
-14034336.0,97781136.0
3469688.0,327666912.0
-28451944.0,58645044.0
-6841282.0,18256282.0
-12770044.0,111610744.0
-14403040.0,99266640.0
-14822716.0,74763616.0
-26410968.0,124936768.0
17319640.0,153144560.0
9065860.0,73495440.0
650928.0,51155972.0
-26700092.0,119250992.0
-2881198.0,9108398.0
-9532956.0,128588856.0
-1196130.25,1226930.25
37724096.0,122850704.0
-13909840.0,50687240.0
28205176.0,260848624.0
-1620504.0,48474104.0
126439.0,15858961.0
30678612.0,56424088.0
-35727968.0,171289168.0
261552.0,57054048.0
-1375463.125,1402063.125
4480360.0,74590240.0
-1235956.375,1428056.375
-19010540.0,61218340.0
-571384.0,36233684.0
2831047.0,9499753.0
-11368964.0,139164864.0
1264276.0,77338024.0
26795808.0,183021392.0
51232992.0,61866208.0
26681288.0,29066712.0
6344020.0,5718480.0
-4809892.0,75951392.0
-782948.0,90901248.0
29571700.0,82936600.0
-46225732.0,169528432.0
39576296.0,133724904.0
-12770296.0,91830696.0
9166204.0,99955896.0
-15674004.0,90773904.0
-6905360.0,66515860.0
-11564992.0,81362992.0
4784080.0,73112520.0
-213229.03125,304929.03125
-12434196.0,136681696.0
-304234.125,1114334.125
-24755772.0,173074672.0
-11817828.0,285961728.0
-3259205.0,6018805.0
-48133880.0,133731880.0
-1575204.0,10412904.0
-8319116.0,103799816.0
-1000681.75,1090181.75
24000832.0,92562168.0
-41867196.0,130404696.0
-26350156.0,114832856.0
-23692392.0,101127392.0
-5055192.0,59271792.0
-18686124.0,65573424.0
31786.25,1202613.75
-8072.0,4330272.0
8728224.0,318742176.0
16627244.0,79272456.0
-8552072.0,94347872.0
-2979210.0,22538710.0
724164.0,132647936.0
-9942504.0,49206004.0
-776965.125,1071565.125
-32399436.0,181336736.0
-435012.0,6953412.0
-440634.25,725434.25
11655644.0,287774656.0
11856692.0,60192608.0
-824804.0,37035704.0
23866540.0,208471360.0
-16113800.0,72067400.0
-4413128.0,58461428.0
5984044.0,104493456.0
102170300.0,149613600.0
187477.1328125,-40277.1328125
1997300.0,36700900.0
-2199212.0,112710512.0
-17136956.0,94341056.0
-12849308.0,151269408.0
-1066963.75,1171363.75
-7748050.0,18247250.0
1777916.0,36862484.0
-69245000.0,223237600.0
19365816.0,69479984.0
-20893888.0,88485888.0
-2977292.0,66403692.0
6843324.0,80015576.0
-188542.0625,864142.0625
-4184948.0,141812448.0
16657344.0,63324056.0
-244488.25,1413088.25
9282212.0,67363088.0
-12362968.0,53944668.0
-1584812.0,52557212.0
-4866716.0,87249616.0
-885855.375,1089155.375
-10968184.0,167101984.0
67763832.0,186619168.0
-709534.75,1054034.75
71432880.0,343627520.0
-7683632.0,56069332.0
31232.125,1101067.875
-562704.625,1367304.625
139596840.0,161694960.0
-18157932.0,48966432.0
-1670598.0,24321198.0
-9845316.0,116913416.0
-33556872.0,115266472.0
-1082762.0,1245162.0
134251324.0,245943776.0
-15793048.0,77114848.0
-4489020.0,108129320.0
-928034.25,1240934.25
5489852.0,43831148.0
-20429992.0,67716792.0
-720564.3125,1046564.3125
-623917.25,2432117.25
257476228.0,256435072.0
549147.0,4527053.0
2156057.0,8907343.0
-450552.0,34688052.0
344783900.0,526242400.0
4986784.0,154026016.0
3890300.0,80662800.0
36850828.0,102305472.0
1226073.25,2926626.75
53072620.0,104048680.0
20346696.0,65231304.0
3823080.0,91263720.0
-987259.0,1075759.0
-11671464.0,71548864.0
-59224396.0,231533296.0
-11306952.0,197874752.0
8363744.5,8321655.5
-16875228.0,174320128.0
-199342.09375,443042.09375
48937920.0,79023080.0
62096.6875,590903.3125
13535944.0,42383856.0
8561188.0,37343712.0
-608898.625,1251198.625
-22675060.0,93444760.0
116861.31640625,-59061.31640625
12588376.0,60519724.0
2933196.0,51931304.0
1964724.625,-1564324.625
-16644776.0,116898776.0
-15575080.0,73474480.0
707926.0,7443374.0
-40542620.0,172889520.0
-855585.125,1157785.125
35020244.0,40259156.0
-55985180.0,145804080.0
82946024.0,169107376.0
568803.671875,-190303.671875
-1463580.0,79719280.0
-15482804.0,58155304.0
2931232.0,104203568.0
5479204.0,18764196.0
-2187786.0,21208086.0
-50595272.0,156321472.0
488297.8125,1013702.1875
821798.0,10546502.0
-657783.3125,845483.3125
1704899.0,11193301.0
84848592.0,63138408.0
-424444.0,7646744.0
-6178440.0,82927440.0
79865300.0,245742800.0
-340374.625,836574.625
-1206936.5,6945936.5
-2416090.5,6781890.5
12282148.0,71801752.0
21746928.0,70447472.0
12949092.0,107113008.0
-43183988.0,253286288.0
-11360744.0,60843244.0
-1975796.0,7919096.0
-73531932.0,397974432.0
64740476.0,65695824.0
49246.5,8207153.5
17614372.0,48886928.0
-790759.75,1222159.75
21228916.0,52034684.0
33109528.0,95460472.0
-7743843.0,13244743.0
-16168828.0,55479328.0
-16701048.0,73558048.0
-4255355.0,7904455.0
1797983.0,5353317.0
-240016.0,80347216.0
106190.5,1547709.5
-13441412.0,237867712.0
-1310409.875,1565209.875
15946576.0,73004824.0
-29214272.0,76696472.0
4313621.0,1068679.0
-10814348.0,60551848.0
-51947732.0,446690432.0
34952960.0,92037440.0
18140088.0,63712312.0
19335848.0,117995752.0
-10229268.0,49925268.0
1535300.0,52060200.0
-347477.25,849677.25
45196980.0,61168720.0
-18634572.0,76551472.0
-1161872.0,222199072.0
-9402036.0,70201136.0
28081440.0,93233760.0
-12630172.0,192295872.0
1598628.0,2672072.0
-14733672.0,96750672.0
22346512.0,169075088.0
-606676.125,1086176.125
-26285800.0,83285400.0
38181148.0,281208352.0
-18465116.0,63581216.0
-12590388.0,91882488.0
16675092.0,71991008.0
-33397912.0,109059312.0
293703388.0,408560512.0
-20928308.0,93990008.0
-5361656.0,59740556.0
-4650000.0,81747600.0
583268.0,116377832.0
-9789556.0,95857856.0
-12034576.0,64318676.0
69566568.0,165424432.0
-203273.0,726573.0
-1899857.0,5702657.0
-39388712.0,126245312.0
-4990404.0,159547104.0
-17828900.0,70430400.0
-110959.0,4654359.0
-106716660.0,286801760.0
-37833676.0,184230176.0
71984184.0,111448816.0
-8519608.0,105938808.0
-992232.0,55792632.0
-39732980.0,137709680.0
-602614.0,741014.0
-9184000.0,38090400.0
30320352.0,76577648.0
-749482.0,6466082.0
-1053887.5,3343087.5
-3150386.0,8375186.0
-16395760.0,170426560.0
-4994457.0,12726757.0
-11396632.0,76443632.0
-22315600.0,53041000.0
545336.0,101967264.0
-7588312.0,50130412.0
-755976.0,20703576.0
-9233708.0,91225408.0
-3610260.0,69561360.0
-604598.0,10530798.0
5658144.0,90584256.0
112684912.0,106228288.0
14741040.0,92844760.0
-7274628.0,129676328.0
-5342960.0,45788760.0
-39100340.0,184313040.0
-10226864.0,61889264.0
-21665756.0,77845456.0
-36894964.0,102517464.0
10801246.0,12934654.0
66920412.0,126777488.0
-23384356.0,74969256.0
516359.75,3621240.25
46950860.0,192533040.0
-1805558.0,9514858.0
-10365462.0,30274662.0
11240524.0,56883876.0
-9017228.0,77610528.0
24621112.0,142931088.0
3023004.0,313953696.0
-104744.46875,457244.46875
-7455108.0,72688408.0
-13069868.0,78961568.0
-35219852.0,75379952.0
1812937.0,7980363.0
-1211526.625,1237726.625
-11570304.0,118504304.0
-65094200.0,171935200.0
7252804.0,78823296.0
3157168.0,128727832.0
-8235600.0,44505200.0
2916588.0,34232812.0
23211644.0,71257456.0
8041724.0,67972776.0
-10510776.0,34495076.0
26006976.0,130413224.0
-23776736.0,78415336.0
-191754284.0,446057984.0
-10839488.0,56576088.0
7810044.0,70134856.0
1686073.0,1327427.0
-68130.25,892930.25
6785480.0,65666920.0
9880748.0,116887952.0
-4289172.0,88283472.0
60899812.0,130626888.0
7368168.0,70374232.0
-2231808.0,35948208.0
281217.109375,155182.890625
633381.0,9471719.0
18278796.0,128157904.0
-436445.1875,967445.1875
1170648.5,3354351.5
-63892408.0,262003008.0
19055440.0,239932960.0
17317392.0,223478208.0
-7370124.0,90399824.0
-13246564.0,123389064.0
-8623384.0,101969584.0
-753048.0,3117848.0
-1104846.0,9647146.0
-3874092.0,72904792.0
-16635928.0,38346928.0
-133698.6875,583598.6875
-7725892.0,11987992.0
-82974040.0,400823840.0
-674255.0625,1026255.0625
-12697328.0,117687728.0
-469578.4375,757778.4375
772152.5,7124747.5
-384972.0,672972.0
-39021.609375,103221.609375
77129.25,533170.75
-7052968.0,98859368.0
45942168.0,141650832.0
-24664352.0,305563552.0
-1771999.5,3836999.5
6460908.0,147860592.0
-23972316.0,127372016.0
-628934.5,4916834.5
-1170266.25,1209866.25
28729584.0,184908416.0
17377592.0,61706808.0
-529839.125,1747339.125
-378075.125,739475.125
14121236.0,60752964.0
3174192.0,44505208.0
-21958504.0,70981704.0
-2188449.5,7992849.5
139479.0,8545021.0
-7944096.0,208410896.0
-7376792.0,72032792.0
-9353972.0,33179572.0
-6006312.0,147681712.0
8639864.0,72006136.0
-21089048.0,74027848.0
-17488628.0,88658328.0
-10035456.0,57758756.0
-6836744.0,111614744.0
-14806784.0,117624784.0
-8719508.0,85122008.0
-4750956.0,59252856.0
7161563.0,13033937.0
114985876.0,118543224.0
426460.96875,452739.03125
-2464104.0,53103504.0
-34618320.0,160939120.0
-20018288.0,167267888.0
1963032.0,103792768.0
-49577560.0,217973360.0
-7458548.0,124661448.0
-21144812.0,83862712.0
1524424.0,21474076.0
6002928.0,58510972.0
8743320.0,86689080.0
-3901820.0,53512320.0
21783052.0,37693448.0
51696668.0,153268032.0
17034096.0,75533504.0
-1129751.375,1223751.375
34952392.0,127537608.0
-19384680.0,80130080.0
-7537492.0,118683792.0
-75896.5,4535596.5
950706.25,-592506.25
3326104.0,6908096.0
786583.0,3150917.0
17586808.0,97569992.0
3648100.0,130630400.0
2566848.0,36697352.0
-23286460.0,199766560.0
-1814454.5,6677754.5
17601.125,1057298.875
111790964.0,606745536.0
560173.875,640326.125
-382413.3125,632713.3125
15898380.0,46853720.0
8198360.0,54634440.0
8405292.0,88501408.0
16643252.0,87444048.0
-7743076.0,96745176.0
1994903.0,7431897.0
38790.0,8809010.0
-12895288.0,48692588.0
10100964.0,61064336.0
-21636300.0,113343800.0
8719658.5,6657941.5
5226352.0,146813248.0
-35599624.0,432888224.0
-51096792.0,157453392.0
58741192.0,223099408.0
3072089.0,7437611.0
-26968936.0,94487336.0
-24616884.0,121196384.0
96279096.0,94834104.0
-3896672.0,48461172.0
340659.0,10168641.0
-9500552.0,98121752.0
-8276120.0,25923320.0
3997760.0,8890240.0
-53127408.0,371106208.0
27664152.0,91426648.0
-746209.875,1088009.875
-56099676.0,316773376.0
87735508.0,149033392.0
-5632384.0,58900584.0
-14440704.0,175661104.0
-23691480.0,97232280.0
-35503456.0,119601456.0
-4012116.0,10964716.0
-14361432.0,63539232.0
31341584.0,45244816.0
17353892.0,73462208.0
103475.4375,864424.5625
-8404572.0,108087472.0
-2386431.5,8146431.5
601844.875,-316444.875
-1716048.75,2364148.75
-1159925.625,1516425.625
22315504.0,52999996.0
-17037024.0,342017024.0
-535650.125,778050.125
-2856049.0,12039649.0
-990759.0,1075759.0
-27644404.0,157000304.0
-38299932.0,101617632.0
-36084620.0,113231520.0
522460.0,48705540.0
-579999.0625,1017599.0625
-57145140.0,341673440.0
2572392.0,54625308.0
-18444900.0,63775800.0
-36660108.0,109097608.0
-20917012.0,87083512.0
-1217736.5,1238136.5
2201844.0,36876756.0
469932.0,22093568.0
7299056.0,72938944.0
533388.5,7316311.5
-21387708.0,78821208.0
-909394.625,1048594.625
23612484.0,145629616.0
-12747268.0,205738368.0
-24688676.0,81426576.0
-10738852.0,55330352.0
-1310413.5,1456413.5
2489232.0,43352568.0
-105714408.0,296831808.0
16382560.0,43974240.0
-10974844.0,192262944.0
-797000.5,4732800.5
-13738432.0,92434432.0
15073332.0,100005168.0
28799072.0,91242528.0
97100056.0,107857144.0
6671300.0,39060600.0
-21220416.0,57813116.0
73180172.0,132969328.0
-7432140.0,103248040.0
-295436.5,4734836.5
-3843086.5,7382586.5
76651676.0,147005824.0
65344920.0,361107680.0
-15185912.0,45151812.0
46919828.0,160709472.0
-547348.125,889848.125
5440033.5,6225866.5
51923872.0,291756928.0
-3234500.0,45837400.0
-8327996.0,77209096.0
6185996.0,66244904.0
-343858.3125,448358.3125
-14685960.0,68085160.0
108075596.0,133791704.0
-4483900.0,113608400.0
93262020.0,213377680.0
-18707016.0,70889416.0
-8327636.0,108994336.0
-2884508.0,22717608.0
-809891.125,882491.125
119821784.0,155086016.0
6023160.0,35021540.0
-19701852.0,68765352.0
-7343292.0,84979992.0
-47588012.0,159385312.0
16177876.0,44772124.0
372140.5625,806859.4375
9211028.0,63293272.0
50395732.0,195173568.0
-55352864.0,201783264.0
-2163508.0,49376708.0
42526952.0,67352448.0
15488292.0,69885008.0
112803060.0,109550440.0
4366248.25,3721551.75
-102077.5,7100177.5
414304.0,16195996.0
34206916.0,88027184.0
-2237855.5,5649455.5
-38864820.0,81672720.0
-21710320.0,90672320.0
13748412.0,40491288.0
-11525216.0,100993216.0
4573656.0,118459344.0
