open,high,low,close,volume,vwap,timestamp,transactions,otc
490.62,498.9,489.22,498.74,32445.0,498.3152,1744185600000,376,
498.71,499.44,498.71,499.44,6619.0,498.9509,1744185660000,117,
499.38,499.72,499.12,499.69,40199.0,499.466,1744185720000,293,
499.6,499.63,498.86,498.93,11848.0,499.528,1744185780000,284,
498.17,498.17,497.32,497.32,2221.0,497.8628,1744185840000,103,
497.18,497.18,496.79,496.84,6489.0,496.8939,1744185900000,230,
496.79,496.8,495.92,495.92,21401.0,496.3811,1744185960000,362,
495.83,496.02,495.5,495.68,42456.0,495.7746,1744186020000,434,
495.57,495.86,495.4,495.67,14158.0,495.6724,1744186080000,211,
495.84,496.32,495.67,495.67,10774.0,495.9979,1744186140000,171,
495.91,496.3,495.66,495.82,15752.0,496.0117,1744186200000,308,
495.83,496.03,495.71,495.78,6383.0,495.8219,1744186260000,99,
496.05,496.67,496.04,496.04,20095.0,496.3469,1744186320000,180,
496.1,496.23,495.35,495.35,9257.0,495.8077,1744186380000,195,
495.22,495.53,494.73,495.4,46428.0,495.2161,1744186440000,421,
495.43,496.06,495.4,495.64,13206.0,495.8304,1744186500000,134,
495.71,495.88,495.33,495.66,11273.0,495.6864,1744186560000,135,
495.88,496.31,495.66,495.76,6534.0,495.8663,1744186620000,113,
496.07,496.47,495.98,496.47,1951.0,496.0089,1744186680000,124,
496.48,496.68,496.48,496.68,2806.0,496.5663,1744186740000,104,
496.5,496.5,496.5,496.5,942.0,496.5013,1744186800000,35,
496.14,496.14,495.84,495.98,2544.0,496.0829,1744186860000,155,
496.5,496.5,496.21,496.26,1301.0,496.4205,1744186920000,61,
496.16,496.26,496.16,496.23,1650.0,496.2365,1744186980000,80,
496.4,496.48,496.4,496.48,1061.0,496.3978,1744187040000,51,
497.3,497.31,496.95,496.95,6410.0,497.1162,1744187100000,147,
497.03,497.21,496.81,496.81,5492.0,497.08,1744187160000,128,
496.78,496.78,496.33,496.33,3363.0,496.5604,1744187220000,81,
496.11,496.21,495.24,495.33,17547.0,495.7322,1744187280000,253,
495.54,495.54,494.82,494.82,5146.0,495.2728,1744187340000,98,
494.81,494.81,494.5,494.59,6488.0,494.678,1744187400000,135,
494.47,494.47,493.88,493.91,5018.0,494.114,1744187460000,166,
493.9,494.15,493.25,493.25,4385.0,493.5736,1744187520000,131,
493.04,493.04,492.15,492.43,17959.0,492.5917,1744187580000,394,
492.71,493.31,492.63,493.31,3823.0,492.8053,1744187640000,124,
493.27,494.4,493.27,494.32,6064.0,493.9641,1744187700000,148,
494.56,494.84,494.29,494.52,7944.0,494.5657,1744187760000,210,
494.81,495.07,494.72,495.07,4119.0,494.8871,1744187820000,95,
495.29,495.35,495.15,495.15,5293.0,495.2475,1744187880000,145,
495.05,495.3,494.68,494.68,6603.0,495.1678,1744187940000,158,
494.88,495.31,494.88,495.2,5121.0,495.0121,1744188000000,105,
496.11,496.55,496.11,496.44,5874.0,496.3436,1744188060000,124,
496.23,496.24,495.56,495.56,3503.0,495.8995,1744188120000,157,
495.37,495.73,495.19,495.73,14568.0,495.5005,1744188180000,302,
495.73,496.15,495.73,496.1,4789.0,495.9854,1744188240000,53,
496.14,496.24,495.99,496.12,5577.0,496.1193,1744188300000,152,
496.05,496.37,496.05,496.37,2383.0,496.1694,1744188360000,83,
496.44,496.59,496.05,496.09,5400.0,496.287,1744188420000,110,
496.29,496.61,496.29,496.61,908.0,496.3984,1744188480000,58,
496.85,496.94,496.59,496.63,9870.0,496.7526,1744188540000,218,
496.11,496.16,495.66,495.66,5884.0,495.8458,1744188600000,120,
496.3,496.3,496.3,496.3,680.0,496.0849,1744188660000,17,
496.25,496.51,496.14,496.36,10761.0,496.2844,1744188720000,118,
496.61,497.46,496.4,497.32,25177.0,497.2882,1744188780000,180,
497.31,497.72,497.08,497.1,50322.0,497.4981,1744188840000,326,
497.16,497.59,497.1,497.59,6550.0,497.2523,1744188900000,100,
497.2,497.73,497.2,497.63,11815.0,497.3952,1744188960000,171,
497.48,497.82,497.48,497.82,2115.0,497.6367,1744189020000,57,
497.79,498.17,497.79,498.17,2320.0,497.9978,1744189080000,66,
498.03,498.11,498.03,498.04,2270.0,497.9927,1744189140000,90,
498.03,498.27,497.8,497.9,6360.0,497.9955,1744189200000,165,
497.74,497.74,497.25,497.46,6625.0,497.4206,1744189260000,123,
497.49,498.0,497.39,498.0,4217.0,497.6728,1744189320000,136,
498.01,498.01,497.34,497.37,7189.0,497.6437,1744189380000,131,
497.27,497.27,497.0,497.0,2658.0,497.1869,1744189440000,67,
496.86,496.94,496.73,496.89,8898.0,496.8736,1744189500000,253,
497.06,497.41,497.06,497.41,3050.0,497.2686,1744189560000,77,
497.46,497.46,497.45,497.45,748.0,497.4336,1744189620000,32,
497.48,497.48,497.3,497.33,5685.0,497.337,1744189680000,119,
497.21,497.75,497.12,497.75,2306.0,497.3249,1744189740000,46,
497.78,498.65,497.78,498.43,17013.0,498.4191,1744189800000,252,
498.64,499.03,498.64,499.03,6538.0,498.8928,1744189860000,199,
498.98,499.05,498.29,498.45,5015.0,498.5616,1744189920000,110,
498.45,498.45,498.26,498.26,4852.0,498.3194,1744189980000,122,
498.12,498.38,498.12,498.24,1494.0,498.2377,1744190040000,57,
498.01,498.55,498.0,498.52,3615.0,498.3074,1744190100000,80,
498.46,498.7,498.39,498.67,3007.0,498.5608,1744190160000,48,
498.57,498.57,497.72,497.77,4117.0,498.0394,1744190220000,87,
497.84,497.86,497.69,497.69,4441.0,497.7864,1744190280000,101,
497.88,498.0,497.88,498.0,1830.0,497.9347,1744190340000,50,
498.28,498.28,497.95,498.24,1966.0,498.1713,1744190400000,56,
498.27,498.27,497.63,497.63,2414.0,497.896,1744190460000,74,
497.93,498.32,497.93,498.17,13533.0,498.0702,1744190520000,164,
497.93,497.93,497.54,497.76,3159.0,497.7806,1744190580000,89,
497.81,497.81,497.5,497.5,4452.0,497.6564,1744190640000,178,
497.01,497.01,496.7,496.78,5539.0,496.8807,1744190700000,140,
496.72,497.18,496.72,496.88,8571.0,496.8858,1744190760000,126,
496.77,497.5,496.63,497.5,4996.0,496.9789,1744190820000,125,
497.69,497.69,497.21,497.36,1821.0,497.6012,1744190880000,22,
497.25,497.5,497.0,497.5,12671.0,497.2078,1744190940000,141,
497.76,497.99,497.66,497.99,5728.0,497.8483,1744191000000,82,
497.82,497.82,497.73,497.73,1192.0,497.7628,1744191060000,16,
497.53,497.82,497.53,497.82,1405.0,497.5734,1744191120000,27,
497.6,497.6,497.0,497.28,2865.0,497.2862,1744191180000,95,
497.44,497.44,497.22,497.22,637.0,497.3032,1744191240000,15,
497.0,497.0,496.58,496.73,1859.0,496.7191,1744191300000,45,
496.84,497.0,496.84,497.0,960.0,496.9016,1744191360000,37,
497.5,497.5,496.85,496.85,2455.0,497.0599,1744191420000,80,
496.7,496.76,496.64,496.67,2558.0,496.6694,1744191480000,93,
496.64,496.64,496.4,496.4,2067.0,496.4416,1744191540000,80,
496.41,496.41,496.0,496.0,1935.0,496.1596,1744191600000,63,
495.93,496.31,495.93,496.31,1313.0,496.1551,1744191660000,49,
496.58,496.58,496.15,496.15,1498.0,496.3661,1744191720000,32,
495.9,496.04,495.86,495.98,1690.0,495.9266,1744191780000,80,
496.21,496.21,495.94,496.05,3347.0,496.02,1744191840000,84,
496.1,496.1,495.56,495.56,5185.0,495.7558,1744191900000,176,
495.38,495.61,495.38,495.44,3848.0,495.4752,1744191960000,86,
495.52,495.52,495.3,495.3,2378.0,495.4539,1744192080000,83,
495.33,495.33,494.8,494.8,8147.0,495.1051,1744192140000,289,
494.81,494.85,494.55,494.79,5185.0,494.7277,1744192200000,95,
494.92,494.99,494.92,494.99,1657.0,494.9444,1744192260000,58,
495.02,495.35,495.02,495.35,1400.0,495.1713,1744192320000,30,
495.17,495.17,494.68,494.71,3169.0,494.8347,1744192380000,84,
494.79,494.79,494.75,494.75,227.0,494.7652,1744192440000,4,
495.03,495.94,495.01,495.94,4043.0,495.3949,1744192500000,79,
495.79,496.0,495.79,496.0,3780.0,495.9083,1744192560000,74,
495.95,495.95,495.28,495.28,11040.0,495.5331,1744192620000,175,
495.63,495.67,495.48,495.5,2651.0,495.5831,1744192680000,51,
495.5,495.7,495.5,495.64,5216.0,495.6202,1744192740000,114,
495.19,495.56,495.19,495.32,9771.0,495.3098,1744192800000,228,
496.0,496.34,496.0,496.0,4329.0,496.164,1744192860000,127,
495.6,495.6,494.73,494.82,5966.0,495.1366,1744192920000,96,
495.0,495.0,494.94,494.96,1710.0,495.0098,1744192980000,52,
494.85,494.85,494.45,494.62,6271.0,494.6273,1744193040000,237,
494.57,494.57,493.46,494.07,12806.0,493.9662,1744193100000,269,
494.18,494.34,494.17,494.3,4921.0,494.2199,1744193160000,87,
494.55,494.55,494.06,494.41,4291.0,494.2849,1744193220000,79,
494.73,494.91,494.55,494.91,5730.0,494.7184,1744193280000,138,
494.8,494.96,494.5,494.96,9815.0,494.7897,1744193340000,159,
495.0,495.17,494.87,495.13,17850.0,495.0024,1744193400000,318,
495.07,495.07,494.65,494.77,2729.0,494.8202,1744193460000,43,
494.98,494.98,494.4,494.43,3705.0,494.546,1744193520000,73,
494.44,494.8,494.44,494.8,2933.0,494.6643,1744193580000,79,
495.0,495.49,495.0,495.47,4649.0,495.2625,1744193640000,108,
495.5,495.52,494.47,494.47,4036.0,495.1679,1744193700000,89,
494.4,494.46,494.4,494.46,870.0,494.434,1744193760000,71,
494.57,494.57,494.2,494.2,1368.0,494.4415,1744193880000,50,
494.11,494.11,493.45,493.45,5597.0,493.8818,1744193940000,127,
493.35,493.35,492.87,493.11,11144.0,493.0662,1744194000000,318,
493.04,493.35,493.04,493.22,20713.0,493.2037,1744194060000,356,
493.45,493.45,493.3,493.3,3059.0,493.3287,1744194120000,49,
493.06,493.2,492.41,492.45,7766.0,492.6691,1744194180000,256,
492.45,492.69,492.31,492.33,19079.0,492.4211,1744194240000,256,
492.5,492.6,492.38,492.59,10656.0,492.5724,1744194300000,127,
492.86,493.37,492.86,493.05,5420.0,493.0167,1744194360000,79,
493.1,494.0,493.1,493.94,4009.0,493.5425,1744194420000,76,
493.99,493.99,493.76,493.76,2872.0,493.8187,1744194480000,46,
493.65,493.84,493.31,493.55,8617.0,493.5951,1744194540000,148,
493.57,493.86,492.91,493.09,6840.0,493.3113,1744194600000,183,
493.35,493.35,492.93,493.09,4618.0,493.0489,1744194660000,197,
493.23,493.23,492.76,492.76,3046.0,492.9015,1744194720000,74,
492.62,492.72,491.99,492.11,17484.0,492.4027,1744194780000,231,
492.2,492.48,492.2,492.48,4707.0,492.4196,1744194840000,81,
492.58,492.93,492.5,492.93,2801.0,492.7027,1744194900000,73,
492.44,492.44,492.44,492.44,832.0,492.447,1744194960000,25,
492.88,493.1,492.75,493.04,4250.0,492.9668,1744195020000,92,
492.84,492.84,492.5,492.73,2685.0,492.7061,1744195080000,76,
492.83,493.56,492.83,493.5,4573.0,493.3082,1744195140000,108,
493.6,494.44,493.6,494.24,42326.0,494.2065,1744195200000,446,
494.48,494.98,494.23,494.32,28922.0,494.5923,1744195260000,425,
494.28,494.29,493.52,493.83,18032.0,493.8076,1744195320000,277,
493.72,493.72,493.64,493.67,2811.0,493.7084,1744195380000,63,
493.67,494.55,493.41,494.41,19174.0,493.7972,1744195440000,310,
494.33,494.74,494.32,494.7,4787.0,494.5448,1744195500000,127,
494.55,494.88,494.12,494.45,3785.0,494.5269,1744195560000,86,
494.63,495.15,494.29,495.13,12316.0,494.9054,1744195620000,187,
494.95,496.0,494.95,496.0,12573.0,495.6397,1744195680000,254,
496.19,496.29,495.63,495.68,8839.0,495.9213,1744195740000,192,
495.64,496.85,495.64,496.85,13906.0,496.5052,1744195800000,390,
496.9,497.38,496.69,497.0,50828.0,497.0327,1744195860000,387,
496.85,497.27,496.76,496.93,15773.0,496.9686,1744195920000,154,
496.67,497.36,496.67,497.36,21603.0,496.9901,1744195980000,265,
497.36,497.47,496.73,497.1,44340.0,497.2393,1744196040000,325,
496.85,497.1,496.67,496.9,14217.0,496.9045,1744196100000,213,
496.66,497.0,496.64,497.0,32328.0,496.8701,1744196160000,162,
497.18,498.25,497.06,497.9,53853.0,497.8096,1744196220000,632,
497.95,497.95,497.39,497.43,15584.0,497.6166,1744196280000,227,
497.32,497.56,494.43,494.7,39627.0,496.1173,1744196340000,547,
494.72,494.99,487.5,489.19,424826.0,490.3748,1744196400000,3298,
489.37,491.44,489.09,490.99,113619.0,490.1074,1744196460000,664,
491.0,491.0,487.35,488.5,125939.0,488.2375,1744196520000,1051,
488.62,490.2,488.0,489.7,174415.0,488.6298,1744196580000,1293,
489.82,489.82,488.0,489.29,43077.0,488.566,1744196640000,224,
489.26,489.26,488.1,488.68,35554.0,488.4613,1744196700000,607,
488.12,490.22,487.99,490.16,45657.0,489.0543,1744196760000,668,
490.22,491.0,488.73,489.07,143679.0,490.0699,1744196820000,1186,
489.22,489.52,488.05,488.05,141664.0,488.6223,1744196880000,1673,
488.26,489.18,488.26,488.71,41219.0,488.7109,1744196940000,621,
488.73,489.23,488.2,488.89,54978.0,488.6368,1744197000000,927,
489.0,489.52,488.58,489.44,49968.0,489.0905,1744197060000,805,
489.5,490.75,489.47,490.1,51375.0,490.1556,1744197120000,839,
490.0,490.3,489.12,489.75,41546.0,489.9004,1744197180000,608,
489.64,490.85,489.1,490.85,23986.0,490.0045,1744197240000,599,
490.88,493.16,490.38,491.72,158849.0,491.8271,1744197300000,1830,
491.43,491.5,490.54,490.73,36984.0,490.8265,1744197360000,566,
490.58,491.2,490.07,490.6,22879.0,490.5303,1744197420000,435,
490.6,491.17,489.6,491.06,35781.0,490.4261,1744197480000,694,
491.08,492.31,490.93,491.03,67534.0,491.5699,1744197540000,782,
491.21,491.21,490.64,490.94,22684.0,490.9131,1744197600000,425,
490.63,491.42,490.46,491.25,12983.0,490.7956,1744197660000,299,
491.04,491.28,490.49,490.83,15907.0,490.9729,1744197720000,356,
490.51,490.51,489.4,489.95,25635.0,490.1018,1744197780000,465,
489.89,490.49,489.69,490.48,41052.0,489.8819,1744197840000,411,
490.39,491.0,490.12,491.0,22273.0,490.5787,1744197900000,419,
491.4,491.4,490.83,490.83,31676.0,491.0583,1744197960000,429,
490.83,491.17,490.66,490.76,20341.0,490.989,1744198020000,339,
490.83,491.75,490.4,490.92,34762.0,491.0107,1744198080000,459,
490.85,491.37,490.54,490.54,48649.0,490.8977,1744198140000,758,
490.64,490.8,489.8,489.9,62366.0,490.3594,1744198200000,876,
489.82,490.06,489.38,489.51,16013.0,489.6788,1744198260000,252,
489.52,489.52,488.61,488.69,26713.0,489.0564,1744198320000,478,
488.64,489.08,488.11,488.86,45473.0,488.5021,1744198380000,625,
489.2,489.48,488.25,488.41,47998.0,488.6113,1744198440000,567,
488.34,488.57,488.0,488.15,44562.0,488.2328,1744198500000,501,
488.09,488.96,487.82,488.61,39673.0,488.2789,1744198560000,426,
488.6,488.84,487.98,488.1,21652.0,488.458,1744198620000,283,
488.14,488.53,487.48,487.73,87193.0,487.8306,1744198680000,704,
487.62,487.76,486.49,486.72,75184.0,487.222,1744198740000,701,
486.6,486.83,486.0,486.29,40693.0,486.5552,1744198800000,559,
486.38,486.53,485.75,485.89,49264.0,486.2508,1744198860000,539,
486.0,486.37,485.51,485.91,40696.0,485.923,1744198920000,571,
486.19,487.0,486.16,486.16,32567.0,486.6252,1744198980000,373,
486.3,486.6,485.28,486.08,83516.0,485.9271,1744199040000,968,
485.93,486.27,485.43,485.79,37336.0,485.8173,1744199100000,297,
485.77,486.0,485.51,486.0,6946.0,485.7704,1744199160000,160,
485.94,486.84,485.9,486.43,35469.0,486.5393,1744199220000,487,
486.48,493.18,486.37,488.17,336884.0,490.2289,1744199280000,2679,
488.54,491.56,488.3,489.32,137197.0,489.834,1744199340000,783,
489.17,489.63,488.24,489.03,37977.0,488.9225,1744199400000,505,
488.24,489.0,487.94,488.55,40325.0,488.4704,1744199460000,581,
489.0,489.0,488.0,488.0,14079.0,488.4757,1744199520000,249,
488.35,488.39,487.45,487.81,15634.0,487.9357,1744199580000,330,
487.67,488.68,487.24,487.54,72491.0,487.7365,1744199640000,606,
487.66,488.53,487.28,487.5,52173.0,487.9601,1744199700000,444,
487.96,488.17,487.59,487.62,3883.0,487.9384,1744199760000,105,
487.63,488.0,487.34,487.81,11461.0,487.5976,1744199820000,216,
488.16,488.16,487.48,487.48,4169.0,487.6351,1744199880000,170,
487.22,487.95,487.02,487.71,11821.0,487.4935,1744199940000,190,
492.82,494.29,485.38,488.35,271854.0,489.0385,1744200000000,2564,
488.3,499.83,483.82,486.7,178551.0,488.0603,1744200060000,2973,
484.8,500.0,482.86,498.5,262184.0,490.7157,1744200120000,2806,
498.73,499.9,487.59,488.18,107337.0,493.8522,1744200180000,802,
488.02,488.56,487.88,488.44,19171.0,488.3413,1744200240000,347,
488.46,488.56,487.45,487.57,20977.0,488.1578,1744200300000,401,
487.45,487.5,487.0,487.25,22333.0,487.2286,1744200360000,268,
487.25,487.79,487.18,487.68,14673.0,487.6193,1744200420000,207,
487.5408,488.35,487.5408,488.15,23517.0,487.9288,1744200480000,266,
488.35,488.36,488.04,488.23,8244.0,488.2408,1744200540000,144,
488.14,488.22,487.7,488.02,6322.0,488.0216,1744200600000,173,
488.03,488.91,487.79,488.91,14931.0,488.4036,1744200660000,384,
488.78,488.86,488.35,488.85,12776.0,488.6364,1744200720000,232,
488.58,488.85,488.1,488.16,18383.0,488.5394,1744200780000,328,
488.31,489.16,488.0,488.6299,20985.0,488.6804,1744200840000,358,
488.61,488.76,487.8537,488.0,42885.0,488.2999,1744200900000,504,
488.0,488.52,487.93,488.21,20639.0,488.235,1744200960000,399,
488.35,488.41,488.191,488.29,7014.0,488.3242,1744201020000,170,
488.17,488.99,487.47,487.98,101895.0,488.2488,1744201080000,953,
488.02,488.51,487.82,488.3,55060.0,488.0426,1744201140000,606,
488.33,488.42,487.33,487.5486,13740.0,487.8383,1744201200000,220,
487.36,488.0,487.31,487.41,18659.0,487.6446,1744201260000,258,
487.4,487.4,486.72,486.81,23521.0,486.9689,1744201320000,318,
486.88,487.1,486.68,487.07,32038.0,486.8145,1744201380000,368,
487.1581,487.1581,486.45,486.62,27860.0,486.6581,1744201440000,368,
486.7,486.82,486.23,486.5601,21186.0,486.5596,1744201500000,336,
486.97,487.17,486.5,486.75,44961.0,486.6974,1744201560000,443,
486.59,486.99,486.42,486.64,21506.0,486.7301,1744201620000,345,
486.94,487.55,486.91,487.55,22285.0,487.2598,1744201680000,355,
487.44,487.44,486.96,487.07,21793.0,487.0974,1744201740000,333,
486.96,488.18,486.89,487.11,36233.0,487.4979,1744201800000,439,
487.06,487.22,486.47,486.47,45525.0,486.9313,1744201860000,841,
486.48,487.25,486.11,487.25,63060.0,486.4208,1744201920000,692,
487.28,487.3,486.97,487.15,26680.0,487.1798,1744201980000,339,
487.13,487.17,486.85,487.14,17383.0,487.0447,1744202040000,304,
487.12,487.15,486.56,486.65,18459.0,486.8667,1744202100000,346,
486.72,487.33,486.67,486.82,37264.0,486.9674,1744202160000,423,
486.91,486.92,486.58,486.63,13141.0,486.7204,1744202220000,256,
486.66,486.88,486.22,486.44,23227.0,486.4529,1744202280000,356,
486.56,487.27,486.54,486.95,23903.0,487.0133,1744202340000,383,
487.0,487.52,486.9,487.41,17141.0,487.1783,1744202400000,289,
487.32,487.99,487.32,487.92,15374.0,487.6506,1744202460000,245,
487.97,488.88,487.97,488.51,74148.0,488.3932,1744202520000,842,
488.6299,489.1,488.35,488.69,37069.0,488.7291,1744202580000,546,
488.7,489.17,486.92,489.12,32804.0,488.6793,1744202640000,427,
489.15,489.65,489.1,489.25,34023.0,489.2778,1744202700000,614,
489.18,489.32,489.06,489.28,27890.0,489.1936,1744202760000,354,
489.34,489.5,488.69,489.13,36561.0,489.285,1744202820000,414,
489.31,489.94,489.13,489.59,31573.0,489.3839,1744202880000,489,
489.59,490.75,489.39,490.26,60291.0,490.1083,1744202940000,688,
490.29,490.51,490.14,490.38,88744.0,490.2549,1744203000000,918,
490.41,490.9,490.23,490.9,36717.0,490.5305,1744203060000,559,
491.0,491.96,490.84,491.47,122381.0,491.4005,1744203120000,1273,
491.42,491.6,491.0,491.41,52675.0,491.239,1744203180000,490,
491.5281,492.31,491.2601,492.31,79349.0,491.6607,1744203240000,828,
492.35,494.07,491.87,491.87,358180.0,493.2608,1744203300000,2773,
491.88,492.6,491.74,492.37,71179.0,492.1374,1744203360000,647,
492.12,492.17,491.18,491.67,56332.0,491.6173,1744203420000,649,
491.8,492.17,491.65,492.09,33093.0,491.9009,1744203480000,335,
491.97,491.99,491.25,491.34,34301.0,491.7442,1744203540000,386,
491.42,494.63,491.42,493.74,265466.0,493.4295,1744203600000,1891,
493.88,494.24,491.09,493.21,319963.0,492.9834,1744203660000,2192,
493.18,493.9,492.35,492.99,118732.0,493.0775,1744203720000,958,
493.08,493.47,492.69,492.86,66544.0,493.0934,1744203780000,553,
493.0,494.23,492.79,493.91,70730.0,493.6078,1744203840000,793,
493.91,494.81,493.65,494.66,43655.0,494.2985,1744203900000,634,
494.5,495.77,494.45,495.72,81103.0,495.0916,1744203960000,996,
495.6401,496.7,495.13,496.21,175205.0,496.0546,1744204020000,1417,
496.2,496.44,494.56,495.323,221014.0,495.5699,1744204080000,1617,
495.2,495.21,493.3,493.6,112975.0,494.1088,1744204140000,1375,
493.62,494.26,493.25,493.94,66949.0,493.6931,1744204200000,754,
493.99,493.99,492.94,493.8,66270.0,493.2339,1744204260000,741,
493.9,494.14,493.68,494.0,41226.0,493.9409,1744204320000,396,
493.8,493.95,493.21,493.21,24050.0,493.6075,1744204380000,298,
493.34,493.66,493.2,493.38,45505.0,493.3476,1744204440000,375,
493.43,493.76,493.15,493.55,29239.0,493.4474,1744204500000,340,
493.6,494.5,493.54,493.57,31829.0,493.9793,1744204560000,470,
494.02,495.09,494.02,495.07,44822.0,494.7255,1744204620000,641,
494.92,495.39,494.81,495.19,57107.0,494.9396,1744204680000,749,
495.27,496.01,494.78,495.3,86634.0,495.3261,1744204740000,747,
495.37,495.37,494.24,494.79,87600.0,494.8278,1744204800000,638,
494.56,495.34,494.36,494.81,40570.0,494.8523,1744204860000,806,
494.82,495.01,494.4014,494.4014,12405.0,494.784,1744204920000,363,
494.48,494.48,493.6,493.95,35030.0,493.9164,1744204980000,604,
493.82,494.14,493.7,494.0,30475.0,493.9478,1744205040000,337,
494.0,494.04,493.22,493.89,36183.0,493.6413,1744205100000,386,
493.93,493.93,493.1,493.16,28437.0,493.4018,1744205160000,328,
493.35,494.0,493.29,493.88,26799.0,493.7862,1744205220000,410,
493.83,494.23,493.4,493.54,36735.0,493.8405,1744205280000,350,
493.52,494.35,493.33,493.41,42707.0,493.8645,1744205340000,276,
493.44,495.22,493.43,494.4,925364.0,494.1804,1744205400000,11718,
494.44,496.04,493.65,495.52,730465.0,494.9118,1744205460000,7515,
495.53,496.82,495.3,496.55,628953.0,496.2552,1744205520000,6771,
496.55,496.92,495.46,496.5,614134.0,496.2622,1744205580000,5999,
496.51,496.67,494.84,495.32,566533.0,495.7674,1744205640000,6600,
495.3,496.8,494.88,496.1,443879.0,496.0099,1744205700000,5617,
496.09,496.52,494.53,495.46,460898.0,495.4496,1744205760000,5635,
495.45,495.7,494.11,494.34,715431.0,494.8291,1744205820000,7843,
494.37,498.15,494.18,498.13,686804.0,496.1116,1744205880000,8583,
498.17,499.58,497.48,499.54,667391.0,498.511,1744205940000,8049,
499.52,500.36,498.72,500.2,1029768.0,499.5377,1744206000000,10098,
500.2,502.04,499.55,501.4,709464.0,501.1853,1744206060000,8239,
501.39,501.53,500.18,500.25,613743.0,500.8287,1744206120000,6391,
500.175,501.09,499.3001,499.3001,462307.0,500.271,1744206180000,6369,
499.32,499.99,497.21,497.59,650822.0,498.3768,1744206240000,7253,
497.5301,498.6794,496.82,496.96,469101.0,497.7996,1744206300000,5629,
496.98,497.79,496.71,497.1996,309914.0,497.2192,1744206360000,4326,
497.21,497.32,495.725,496.74,418472.0,496.3714,1744206420000,5790,
496.74,497.57,496.06,497.55,290648.0,496.7781,1744206480000,4231,
497.48,498.72,496.61,498.6565,401544.0,497.6115,1744206540000,5459,
498.56,499.1,498.0039,498.5001,401619.0,498.6536,1744206600000,4877,
498.45,499.97,498.19,499.7401,295778.0,499.2328,1744206660000,4669,
499.8,500.93,499.5,499.925,445611.0,500.1906,1744206720000,5887,
499.925,500.93,499.63,500.9199,284328.0,500.2142,1744206780000,3807,
500.88,500.9299,499.3802,500.2752,416744.0,500.0116,1744206840000,4386,
500.32,500.72,499.56,500.42,273476.0,500.1516,1744206900000,4081,
500.4,501.35,500.28,501.24,324227.0,500.9298,1744206960000,4311,
501.245,501.37,500.1,500.3504,253927.0,500.6313,1744207020000,3567,
500.42,500.98,499.21,500.48,295399.0,500.0564,1744207080000,4070,
500.59,500.75,499.77,499.85,226831.0,500.1937,1744207140000,3288,
499.86,503.23,499.74,502.16,653321.0,501.8239,1744207200000,8198,
502.17,503.05,501.86,502.48,328732.0,502.6806,1744207260000,4753,
502.45,502.97,502.15,502.38,416518.0,502.46,1744207320000,4597,
502.33,503.67,501.79,502.18,376039.0,502.6609,1744207380000,4840,
502.1,502.13,501.29,501.94,261618.0,501.5694,1744207440000,3615,
501.94,502.0904,500.16,500.435,341633.0,500.8174,1744207500000,4448,
500.41,500.41,498.33,498.89,461175.0,499.157,1744207560000,6076,
498.87,498.88,497.69,498.22,438816.0,497.7792,1744207620000,4435,
498.22,499.14,497.92,498.99,272711.0,498.5211,1744207680000,3683,
499.05,499.45,498.27,498.44,367445.0,498.762,1744207740000,4714,
498.41,499.858,498.04,499.81,260694.0,499.1466,1744207800000,3344,
499.8,500.38,499.25,499.79,332072.0,498.591,1744207860000,3039,
499.71,500.2586,498.88,498.97,234804.0,499.5277,1744207920000,3085,
499.02,499.02,497.8,498.01,284288.0,498.264,1744207980000,3908,
497.94,498.11,496.67,497.3194,406089.0,497.153,1744208040000,4615,
497.3,498.48,497.05,497.53,367528.0,497.8941,1744208100000,3879,
497.6,498.3,497.49,497.93,192246.0,497.9034,1744208160000,2388,
497.91,498.99,497.58,498.93,241849.0,498.4188,1744208220000,3234,
498.85,499.12,498.29,498.495,151292.0,498.6726,1744208280000,2209,
498.52,499.1563,497.71,498.76,257104.0,498.3997,1744208340000,3133,
498.78,499.53,498.44,498.825,178038.0,498.9903,1744208400000,2568,
498.7,499.35,497.81,498.03,189918.0,498.3384,1744208460000,3089,
498.04,498.1,496.6837,497.69,265894.0,497.4149,1744208520000,3420,
497.77,500.09,497.59,499.45,405008.0,499.2677,1744208580000,4742,
499.33,500.38,498.86,498.91,233892.0,499.6104,1744208640000,3256,
498.88,499.42,498.34,498.52,268279.0,498.8168,1744208700000,3602,
498.55,499.0499,498.01,498.51,217179.0,498.4968,1744208760000,2837,
498.42,498.45,497.54,497.9,1677379.0,498.7183,1744208820000,2508,
497.89,498.25,497.03,498.01,319977.0,497.6721,1744208880000,3974,
498.04,499.4,497.99,498.97,228229.0,498.8625,1744208940000,3120,
499.07,499.35,498.43,499.285,170328.0,498.9215,1744209000000,2631,
499.31,500.8,498.9,500.0,305946.0,499.9542,1744209060000,4140,
499.99,501.27,499.84,500.8,292785.0,500.5295,1744209120000,3929,
500.81,501.67,500.28,500.6,371335.0,500.9993,1744209180000,7602,
500.56,501.68,500.55,501.065,160899.0,501.1831,1744209240000,3130,
501.03,501.11,500.36,501.04,143834.0,500.7775,1744209300000,2271,
501.005,501.005,500.08,500.32,171434.0,500.342,1744209360000,2545,
500.31,500.33,499.24,499.73,271021.0,499.6528,1744209420000,3367,
499.66,499.83,498.73,499.11,209638.0,499.1774,1744209480000,2808,
499.07,499.17,498.36,498.83,177382.0,498.7176,1744209540000,2551,
498.85,498.88,497.73,498.69,224628.0,498.2196,1744209600000,3103,
498.67,498.7,497.95,498.48,154358.0,498.2666,1744209660000,2336,
498.36,498.98,498.165,498.815,165233.0,498.5996,1744209720000,2315,
498.73,498.85,498.08,498.48,171484.0,498.4266,1744209780000,2491,
498.4,498.4,497.48,497.66,220497.0,497.747,1744209840000,2888,
497.69,498.35,497.4,498.19,323452.0,497.8054,1744209900000,2863,
498.23,499.34,498.23,498.82,171558.0,498.8423,1744209960000,2469,
498.84,499.83,498.74,498.8,196362.0,499.2367,1744210020000,2679,
498.74,498.9,497.46,497.88,267415.0,498.1244,1744210080000,3395,
497.81,497.8747,496.51,496.9099,305375.0,497.0574,1744210140000,3847,
496.86,497.44,496.09,496.17,295774.0,496.7585,1744210200000,4033,
496.15,496.2,495.23,495.5545,321011.0,495.7663,1744210260000,4434,
495.545,495.64,493.79,493.83,667842.0,494.4892,1744210320000,7283,
494.0905,494.7,494.0,494.4,289806.0,494.3708,1744210380000,4246,
494.37,494.79,493.68,494.5475,280581.0,494.2369,1744210440000,3559,
494.66,495.29,494.47,494.95,263355.0,494.9241,1744210500000,3431,
494.96,495.15,493.68,493.85,322924.0,494.3818,1744210560000,4127,
493.88,494.8,493.87,494.73,197829.0,494.3707,1744210620000,2893,
494.715,494.96,493.88,493.91,192386.0,494.3738,1744210680000,2896,
493.88,493.91,493.0904,493.2084,888697.0,493.5735,1744210740000,4584,
493.22,494.2,493.05,494.03,784799.0,494.0431,1744210800000,5842,
494.01,494.43,493.42,494.2496,307718.0,493.9198,1744210860000,3440,
494.22,494.55,493.5201,493.69,258527.0,494.1171,1744210920000,3326,
493.69,494.48,493.32,494.38,173503.0,493.8512,1744210980000,2574,
494.33,495.7,494.3,495.52,409079.0,495.4477,1744211040000,4048,
495.48,496.53,495.04,496.27,344521.0,495.8757,1744211100000,4278,
496.27,497.8,495.8,496.97,285944.0,496.9362,1744211160000,3659,
497.01,497.04,496.05,496.64,142437.0,496.5518,1744211220000,1974,
496.54,497.4,496.54,496.7635,147691.0,496.8967,1744211280000,2277,
496.73,497.04,496.415,496.7928,118870.0,496.7898,1744211340000,1920,
496.8,497.25,496.36,496.86,140209.0,496.9556,1744211400000,2087,
496.92,497.6,496.82,497.29,125098.0,497.1369,1744211460000,2229,
497.22,497.43,496.51,496.798,104119.0,496.9217,1744211520000,1850,
496.73,496.81,495.89,496.36,209505.0,496.2922,1744211580000,2616,
496.35,497.14,496.23,496.47,221926.0,496.5577,1744211640000,1914,
496.505,498.65,496.49,498.57,327329.0,497.64,1744211700000,4235,
498.62,499.12,498.08,498.15,239050.0,498.6522,1744211760000,3389,
498.22,498.6458,498.08,498.55,196778.0,498.3675,1744211820000,2757,
498.51,498.6594,497.5,498.23,161454.0,497.999,1744211880000,2382,
498.33,498.7,498.04,498.41,118006.0,498.4009,1744211940000,1995,
498.42,498.9,498.22,498.86,146008.0,498.566,1744212000000,2281,
498.93,499.71,498.8801,498.96,253654.0,499.2738,1744212060000,3357,
498.95,499.09,498.5,498.54,122800.0,498.7393,1744212120000,1927,
498.525,498.91,498.42,498.8603,88428.0,498.6216,1744212180000,1505,
498.875,499.6,498.87,499.415,127883.0,499.2585,1744212240000,2052,
499.35,499.45,498.7494,498.89,132734.0,499.1368,1744212300000,2277,
498.9,499.22,498.57,498.9362,69673.0,498.8665,1744212360000,1366,
498.955,499.54,498.86,499.39,160681.0,499.2105,1744212420000,2613,
499.4,499.4,498.41,498.41,110080.0,498.7329,1744212480000,1709,
498.43,498.59,498.13,498.28,127014.0,498.3499,1744212540000,1996,
498.29,499.36,497.82,499.3578,252466.0,498.4987,1744212600000,3467,
499.355,499.59,498.72,498.8,141125.0,499.2008,1744212660000,2066,
498.81,498.93,497.55,498.06,165703.0,498.0526,1744212720000,2250,
498.13,498.13,496.87,497.3,194467.0,497.3794,1744212780000,3061,
497.21,497.66,497.13,497.24,126994.0,497.3647,1744212840000,1761,
497.23,497.79,496.32,496.32,235345.0,496.8892,1744212900000,3254,
496.35,497.41,496.24,497.05,110802.0,496.9037,1744212960000,1650,
497.06,497.93,496.98,497.335,101802.0,497.4243,1744213020000,1602,
497.3,497.58,496.76,497.04,103975.0,497.1973,1744213080000,1767,
497.02,497.11,495.93,495.98,225666.0,496.3119,1744213140000,3087,
495.96,496.44,495.91,496.155,84126.0,496.206,1744213200000,1435,
496.145,496.32,495.2801,495.43,185500.0,495.5884,1744213260000,2478,
495.39,495.71,495.02,495.3399,193975.0,495.3574,1744213320000,2487,
495.31,495.7,495.18,495.6,87697.0,495.495,1744213380000,1508,
495.62,495.6354,494.83,495.275,543390.0,495.6222,1744213440000,2174,
495.24,496.2461,495.24,495.98,175619.0,495.8745,1744213500000,2621,
496.01,496.25,495.74,496.17,124266.0,496.0213,1744213560000,1825,
496.16,498.5,496.01,497.72,494301.0,497.6085,1744213620000,5910,
497.74,498.7,497.32,498.6,335942.0,497.9933,1744213680000,3992,
498.54,499.05,497.39,497.655,237329.0,498.2205,1744213740000,2807,
497.6175,498.35,497.11,498.1,134337.0,497.6354,1744213800000,1858,
498.06,498.24,497.47,497.67,108295.0,497.8266,1744213860000,1615,
497.72,497.98,497.5,497.95,57923.0,497.768,1744213920000,1136,
497.92,498.23,497.21,497.27,76568.0,497.6943,1744213980000,1275,
497.21,497.51,496.48,496.88,216022.0,496.9875,1744214040000,2792,
496.84,497.02,496.22,496.25,88113.0,496.5428,1744214100000,1333,
496.24,496.24,495.51,495.92,91981.0,495.8186,1744214160000,1557,
495.93,496.04,495.5,495.59,134202.0,495.6749,1744214220000,1825,
495.64,496.08,495.46,495.49,106949.0,495.7497,1744214280000,1767,
495.45,496.18,495.28,495.975,113982.0,495.8738,1744214340000,1690,
495.95,496.11,495.16,495.2671,134486.0,495.4696,1744214400000,2240,
495.29,495.36,494.77,495.02,114393.0,495.0385,1744214460000,2053,
495.13,495.98,495.01,495.94,85543.0,495.6163,1744214520000,1564,
495.9,496.7,495.58,496.06,189202.0,496.2475,1744214580000,2426,
496.06,496.26,495.66,495.69,105699.0,496.0629,1744214640000,1166,
495.7,496.62,495.47,496.54,112865.0,496.173,1744214700000,1751,
496.505,496.99,496.24,496.25,95735.0,496.6172,1744214760000,1509,
496.22,496.93,496.05,496.9156,79786.0,496.4613,1744214820000,1371,
496.76,497.1211,496.63,497.03,83767.0,496.9206,1744214880000,1199,
497.04,497.82,497.0301,497.54,136434.0,497.5146,1744214940000,2119,
497.57,498.23,497.13,497.981,141330.0,497.8563,1744215000000,1914,
498.08,498.33,497.77,498.28,78235.0,498.1217,1744215060000,1384,
498.32,498.74,498.17,498.7399,142592.0,498.4689,1744215120000,2248,
498.75,499.61,498.75,499.59,194023.0,499.267,1744215180000,2945,
499.57,500.39,499.57,499.89,198439.0,499.9947,1744215240000,2775,
499.88,500.35,499.7,499.92,189652.0,500.0243,1744215300000,2542,
499.94,500.15,499.37,500.06,132610.0,499.7156,1744215360000,1893,
500.09,500.44,499.8,499.9,103092.0,500.0448,1744215420000,1675,
499.94,500.3,499.61,499.6499,104489.0,499.9672,1744215480000,1778,
499.64,500.06,499.54,499.99,327524.0,499.7097,1744215540000,1456,
500.005,500.035,499.29,499.69,85845.0,499.5522,1744215600000,1232,
499.69,500.05,499.285,499.63,116233.0,499.6369,1744215660000,1515,
499.67,500.17,499.56,499.74,82034.0,499.8512,1744215720000,1437,
499.77,499.95,499.06,499.66,107264.0,499.4922,1744215780000,1759,
499.64,499.69,499.25,499.25,316856.0,497.1031,1744215840000,1247,
499.26,499.75,499.05,499.69,188759.0,499.2767,1744215900000,1468,
499.73,500.1769,499.55,500.05,140235.0,499.7891,1744215960000,1736,
500.13,500.55,499.87,500.12,127984.0,500.2073,1744216020000,1885,
500.14,500.5,499.4,499.44,125955.0,499.9817,1744216080000,1888,
499.42,499.59,499.08,499.26,170084.0,499.4297,1744216140000,1738,
499.19,499.5,498.65,499.35,468828.0,497.6533,1744216200000,2628,
499.37,499.65,499.11,499.35,64178.0,499.3716,1744216260000,1210,
499.29,499.69,499.2,499.665,288691.0,498.1212,1744216320000,1078,
499.64,500.17,499.53,499.69,78465.0,499.8976,1744216380000,1388,
499.6601,500.05,499.41,500.04,95461.0,499.6269,1744216440000,1237,
500.04,500.72,499.96,500.5625,435120.0,498.1078,1744216500000,2236,
500.56,500.56,499.65,499.875,203714.0,499.9422,1744216560000,2234,
499.98,500.06,499.48,499.84,115818.0,499.7122,1744216620000,1458,
499.8449,499.91,499.36,499.84,159449.0,499.6116,1744216680000,1482,
499.8803,500.32,499.82,500.1462,128349.0,500.064,1744216740000,1652,
500.1,500.23,499.34,499.5057,105263.0,499.8205,1744216800000,1548,
499.47,499.96,499.21,499.91,77702.0,499.6509,1744216860000,1272,
499.92,500.13,499.495,499.51,83239.0,499.9109,1744216920000,1436,
499.51,499.82,499.3104,499.53,176843.0,497.3895,1744216980000,1032,
499.51,499.93,499.13,499.81,222401.0,499.6324,1744217040000,2506,
499.78,500.0655,499.23,499.48,150052.0,499.6775,1744217100000,2117,
499.49,500.46,499.2,499.81,157620.0,499.8533,1744217160000,2172,
499.83,500.36,499.59,499.72,121416.0,500.0277,1744217220000,1704,
499.76,500.46,499.62,500.14,274546.0,498.503,1744217280000,1847,
500.2,500.84,500.2,500.84,122437.0,500.5981,1744217340000,1992,
500.85,501.68,500.81,501.6125,235865.0,501.2504,1744217400000,3458,
501.61,501.78,500.87,500.87,256985.0,498.9036,1744217460000,2112,
500.8,500.8,500.31,500.4601,156364.0,500.5366,1744217520000,2249,
500.32,500.97,499.96,500.8414,455135.0,498.2023,1744217580000,2216,
500.895,501.56,500.895,501.51,115869.0,501.2394,1744217640000,1788,
501.53,501.79,501.12,501.64,105442.0,501.4181,1744217700000,1695,
501.645,502.33,501.64,502.22,220646.0,501.9976,1744217760000,3083,
502.19,502.54,501.98,502.45,269924.0,499.5742,1744217820000,2135,
502.46,502.58,501.54,501.63,136959.0,502.0048,1744217880000,2114,
501.59,501.66,501.02,501.2,136727.0,501.6435,1744217940000,1439,
501.25,501.75,501.17,501.63,108809.0,501.4614,1744218000000,1758,
501.67,501.89,501.31,501.75,112590.0,501.6667,1744218060000,1735,
501.72,505.7099,501.715,504.6,1287589.0,503.7499,1744218120000,11595,
504.65,504.78,503.42,504.26,730835.0,504.0445,1744218180000,7052,
504.33,505.62,504.07,505.6,457619.0,505.0494,1744218240000,4922,
505.62,505.64,504.56,504.93,504517.0,502.8104,1744218300000,4025,
504.88,504.99,503.35,503.549,303752.0,504.0813,1744218360000,3943,
503.53,503.79,502.57,502.8,393095.0,503.1474,1744218420000,4735,
502.815,503.22,501.98,502.03,356355.0,500.4244,1744218480000,3064,
502.09,502.4,501.73,501.96,281688.0,502.0153,1744218540000,2485,
502.01,502.15,501.02,501.0699,264084.0,501.3498,1744218600000,3279,
501.05,501.81,501.0,501.14,262455.0,501.3894,1744218660000,2911,
501.17,501.99,501.145,501.84,205315.0,501.7289,1744218720000,2300,
501.86,502.31,501.4,501.89,207272.0,501.8887,1744218780000,2796,
501.74,502.41,501.12,502.41,128403.0,501.7209,1744218840000,2054,
502.45,502.58,501.83,502.26,234320.0,499.154,1744218900000,1818,
502.26,503.68,502.26,503.44,345270.0,503.145,1744218960000,4169,
503.4138,503.44,502.89,503.06,112859.0,503.1485,1744219020000,1886,
503.09,503.3,497.56,499.93,2363090.0,499.331,1744219080000,23635,
499.76,515.05,498.67,512.8,5250916.0,506.7755,1744219140000,57304,
512.42,522.29,507.3,519.85,3030132.0,514.1644,1744219200000,29487,
519.845,524.1,518.0,519.55,2660753.0,520.2934,1744219260000,22481,
519.5,521.48,513.63,521.45,2560365.0,515.9009,1744219320000,20251,
521.38,524.7,520.59,522.62,2760801.0,518.7473,1744219380000,21405,
522.64,524.8,521.8,523.52,2171993.0,518.3825,1744219440000,14398,
523.5,528.89,523.27,527.24,2049649.0,522.9266,1744219500000,20471,
527.24,530.27,527.14,530.27,1531499.0,528.665,1744219560000,14210,
530.28,533.4,530.225,531.79,1859884.0,532.3524,1744219620000,19851,
531.79,531.7951,524.94,525.16,2117758.0,528.2741,1744219680000,18702,
525.12,527.91,523.02,523.96,1988370.0,521.5395,1744219740000,20063,
524.02,525.62,522.95,525.51,1677647.0,522.1826,1744219800000,16481,
525.44,528.98,525.4324,528.98,1502504.0,524.6667,1744219860000,16277,
528.91,530.37,527.09,530.34,1333099.0,528.9249,1744219920000,15723,
530.35,530.4,528.32,530.25,1299938.0,526.4941,1744219980000,11637,
530.2,532.14,530.1,531.87,1177600.0,527.4346,1744220040000,11946,
531.8,536.5,531.68,535.1,1728229.0,528.8441,1744220100000,15779,
535.2,535.84,530.56,530.8091,1656143.0,532.8749,1744220160000,18047,
530.85,534.87,530.2,532.43,1629192.0,524.326,1744220220000,12805,
532.46,533.04,529.81,530.275,982589.0,531.2449,1744220280000,10578,
530.32,530.96,527.08,527.26,878941.0,529.2468,1744220340000,9845,
527.36,527.93,524.8,527.52,1236574.0,523.2721,1744220400000,13385,
527.455,529.31,527.18,528.44,793623.0,528.4099,1744220460000,9692,
528.41,528.79,526.42,528.03,893867.0,523.1844,1744220520000,8489,
527.98,528.59,525.77,525.975,582960.0,527.063,1744220580000,7739,
526.01,527.13,524.42,525.98,842216.0,525.6595,1744220640000,8563,
526.14,527.7,525.86,527.25,633991.0,526.8871,1744220700000,7862,
527.25,531.45,527.09,531.11,1279579.0,520.4457,1744220760000,10010,
531.21,531.45,528.79,529.7801,771512.0,524.5342,1744220820000,7928,
529.81,532.06,529.5,531.73,558966.0,531.091,1744220880000,7186,
531.9074,533.16,530.38,530.67,662913.0,524.9825,1744220940000,7279,
530.73,531.48,528.77,529.47,537442.0,529.9826,1744221000000,8062,
529.36,530.78,528.64,530.78,419429.0,529.7694,1744221060000,6621,
530.78,532.0399,529.79,529.91,665672.0,531.1226,1744221120000,7804,
529.89,530.65,528.87,529.48,627415.0,522.9308,1744221180000,6377,
529.535,531.28,528.12,531.27,804857.0,524.713,1744221240000,8150,
531.3,531.4,528.97,529.5601,568280.0,530.0,1744221300000,7137,
529.5,532.41,529.15,531.73,770884.0,525.5492,1744221360000,8214,
531.6801,534.15,531.66,534.15,798120.0,527.54,1744221420000,7815,
534.04,535.55,533.9,534.8,834928.0,528.9414,1744221480000,7596,
534.72,535.24,533.68,534.87,684987.0,534.394,1744221540000,8010,
534.925,537.98,534.92,535.85,1208513.0,532.4016,1744221600000,11721,
535.94,537.1,535.5,535.93,945486.0,531.0984,1744221660000,7632,
535.93,537.0,534.98,536.34,796436.0,535.9559,1744221720000,8099,
536.22,537.28,534.07,537.06,942174.0,535.927,1744221780000,9686,
537.16,537.88,535.55,535.94,759781.0,530.008,1744221840000,7063,
535.89,536.92,534.52,534.5598,670429.0,528.2066,1744221900000,6320,
534.54,536.01,534.11,534.11,468152.0,535.1068,1744221960000,6235,
534.18,534.7,532.72,532.72,571786.0,525.4741,1744222020000,6438,
532.77,532.78,531.11,531.93,643569.0,531.8777,1744222080000,8070,
532.03,534.32,531.35,533.935,492514.0,533.1871,1744222140000,6192,
533.91,534.5,532.89,534.37,457984.0,533.7219,1744222200000,6225,
534.33,535.96,534.24,535.22,616226.0,527.1786,1744222260000,6145,
535.28,536.5,535.24,535.9067,426999.0,535.988,1744222320000,5013,
535.93,536.51,534.54,534.55,355739.0,535.6282,1744222380000,4963,
534.6,535.3025,534.08,534.4801,302084.0,534.6508,1744222440000,4134,
534.54,534.9,533.05,533.36,380144.0,533.8654,1744222500000,5331,
533.4,535.03,533.28,534.9399,472013.0,524.3288,1744222560000,4769,
534.94,535.37,533.82,535.0,538806.0,534.7678,1744222620000,5731,
534.96,537.09,534.59,537.08,619816.0,535.7144,1744222680000,6608,
537.105,537.55,534.06,534.56,959416.0,530.6086,1744222740000,7378,
534.54,535.55,533.38,534.44,908883.0,523.6988,1744222800000,8624,
534.44,534.86,533.79,534.42,439101.0,534.2621,1744222860000,5098,
534.38,535.91,533.49,535.51,720805.0,527.8831,1744222920000,6282,
535.585,537.13,535.35,537.12,332682.0,536.318,1744222980000,4883,
537.15,537.91,536.8214,537.26,535538.0,537.4367,1744223040000,6476,
537.21,538.52,536.56,537.66,669626.0,530.0052,1744223100000,7078,
537.66,538.07,536.52,537.14,550684.0,527.9281,1744223160000,5463,
537.17,539.225,537.16,539.19,537063.0,538.3975,1744223220000,5795,
539.14,539.71,538.0,538.915,775647.0,531.8383,1744223280000,7125,
538.95,539.24,537.89,538.15,1160079.0,537.9935,1744223340000,5649,
538.16,539.75,537.86,538.98,729128.0,531.7403,1744223400000,7058,
538.91,539.87,538.1975,538.7093,782383.0,531.8094,1744223460000,5963,
538.77,539.34,538.3748,539.13,395394.0,538.9282,1744223520000,4864,
539.13,539.15,536.88,537.4553,448982.0,537.8197,1744223580000,6016,
537.35,537.35,535.1,536.26,671820.0,528.5047,1744223640000,6584,
536.24,537.91,535.78,537.48,355889.0,536.9728,1744223700000,5021,
537.48,537.81,536.17,536.78,349127.0,537.0358,1744223760000,5094,
536.7925,537.63,536.0,537.25,344085.0,536.6144,1744223820000,4478,
537.26,537.285,536.07,537.14,384290.0,536.8733,1744223880000,3580,
537.13,538.08,536.68,536.87,457629.0,526.0436,1744223940000,4023,
536.86,537.38,535.83,536.91,558403.0,536.5539,1744224000000,6054,
536.99,537.31,535.23,537.29,594833.0,527.6715,1744224060000,5691,
537.31,537.42,533.76,534.02,534917.0,535.1999,1744224120000,6505,
533.9705,534.8,533.53,534.41,527465.0,525.1023,1744224180000,5055,
534.36,534.51,532.61,533.37,589284.0,533.346,1744224240000,6597,
533.38,534.29,531.74,531.74,628148.0,532.9086,1744224300000,7906,
531.77,533.73,531.54,533.5438,719728.0,532.5961,1744224360000,9509,
533.57,533.78,532.63,533.59,422172.0,533.5734,1744224420000,5323,
533.45,534.81,532.36,534.4599,775260.0,533.8202,1744224480000,7978,
534.37,535.04,533.94,533.9922,337638.0,534.4343,1744224540000,4802,
534.0706,534.93,533.485,534.73,377796.0,534.232,1744224600000,3928,
534.88,535.63,534.62,535.0733,375614.0,535.0922,1744224660000,5411,
534.99,536.18,534.62,535.22,356628.0,535.6153,1744224720000,4847,
535.16,535.71,533.0,533.285,376766.0,533.884,1744224780000,5001,
533.25,534.07,532.68,533.26,305975.0,533.4047,1744224840000,4161,
533.24,533.92,532.59,532.75,322433.0,533.1858,1744224900000,3998,
532.72,533.2,531.95,532.1601,419740.0,532.553,1744224960000,4970,
532.25,533.23,532.22,533.0,344398.0,532.7631,1744225020000,4591,
532.99,533.71,532.02,532.17,375137.0,532.9468,1744225080000,4467,
532.18,532.18,530.59,530.93,439093.0,531.2264,1744225140000,5274,
530.91,531.28,529.68,530.54,689532.0,530.2487,1744225200000,7916,
530.53,531.64,530.53,531.36,638916.0,531.1174,1744225260000,7786,
531.37,533.33,531.37,532.8801,708258.0,532.6883,1744225320000,9233,
532.95,534.36,532.8,533.2019,460251.0,533.6338,1744225380000,6800,
533.22,534.53,533.2,534.385,461043.0,533.872,1744225440000,5719,
534.38,535.33,534.27,534.73,467967.0,534.8599,1744225500000,6424,
534.72,535.18,533.65,533.89,384458.0,534.3566,1744225560000,4958,
534.0901,534.83,532.99,534.79,495695.0,533.8758,1744225620000,6574,
534.83,534.83,533.61,534.225,618486.0,534.199,1744225680000,6087,
534.22,535.07,533.36,534.87,494650.0,534.2768,1744225740000,6113,
534.91,536.53,534.81,536.01,611544.0,527.7049,1744225800000,6217,
536.01,536.86,535.57,535.83,428849.0,536.2102,1744225860000,5515,
535.87,536.39,535.1937,535.84,276845.0,535.7668,1744225920000,4086,
535.8375,537.11,535.73,536.45,406242.0,536.5252,1744225980000,5284,
536.45,537.72,536.02,537.46,299135.0,536.9859,1744226040000,3943,
537.48,537.75,536.91,537.34,364032.0,537.4072,1744226100000,4744,
537.37,537.45,536.935,537.11,275311.0,537.1383,1744226160000,3671,
537.06,537.4,535.79,537.12,622312.0,528.4106,1744226220000,5757,
537.13,537.32,536.19,536.96,385146.0,536.7502,1744226280000,4765,
536.94,538.4,536.52,538.2,491651.0,537.5548,1744226340000,5848,
538.14,539.18,538.0,539.03,436261.0,538.5087,1744226400000,5524,
538.98,540.4,538.97,540.07,605270.0,539.809,1744226460000,7541,
540.09,540.15,538.71,539.65,480252.0,539.3448,1744226520000,5704,
539.65,540.25,539.5159,540.16,416531.0,539.9312,1744226580000,4207,
540.14,540.3,539.61,540.17,552427.0,530.0857,1744226640000,5075,
540.16,541.44,539.36,541.38,748568.0,540.5572,1744226700000,7817,
541.38,541.78,540.31,540.6,695504.0,532.9656,1744226760000,6169,
540.6,541.05,539.7,541.01,347690.0,540.4027,1744226820000,5004,
540.98,541.27,539.77,539.91,344665.0,540.4791,1744226880000,4771,
539.94,540.94,539.94,540.49,417514.0,540.4805,1744226940000,5310,
540.45,541.67,540.43,541.6345,406412.0,540.9535,1744227000000,5934,
541.6,543.35,541.6,542.46,672534.0,542.6231,1744227060000,8272,
542.47,543.38,542.21,543.23,522043.0,542.8952,1744227120000,6764,
543.2515,543.4,541.72,541.94,731715.0,534.5644,1744227180000,6397,
541.92,542.57,541.12,542.48,658630.0,524.3186,1744227240000,5582,
542.4916,542.58,541.53,541.88,497820.0,530.4516,1744227300000,5146,
541.92,542.19,540.52,540.55,723349.0,525.7175,1744227360000,6358,
540.565,541.06,540.26,540.5,474618.0,540.5362,1744227420000,5352,
540.47,541.06,539.54,540.96,623584.0,531.4095,1744227480000,5870,
540.97,542.11,540.84,541.77,666486.0,533.0089,1744227540000,5217,
541.7857,541.91,541.32,541.35,519461.0,541.6416,1744227600000,6614,
541.34,541.92,541.19,541.65,540473.0,530.9585,1744227660000,5053,
541.62,541.78,541.03,541.34,341765.0,541.4053,1744227720000,4621,
541.34,541.96,541.12,541.9,400398.0,541.5761,1744227780000,5722,
541.94,541.99,540.85,541.74,582256.0,531.7051,1744227840000,6332,
541.8,541.95,541.18,541.61,470978.0,541.6644,1744227900000,6294,
541.6,541.69,540.9,541.13,578278.0,541.3299,1744227960000,7377,
541.14,542.04,540.39,541.96,739324.0,541.2285,1744228020000,9908,
541.92,542.69,541.9,542.3001,855293.0,542.4293,1744228080000,7809,
542.27,543.12,542.22,543.045,1377741.0,534.2577,1744228140000,9922,
543.045,545.17,543.045,545.12,1363921.0,544.3855,1744228200000,13310,
545.17,545.2,544.21,544.87,1169341.0,539.5812,1744228260000,10161,
544.89,546.33,544.8525,545.76,1443597.0,545.4683,1744228320000,12651,
545.78,546.015,544.7,544.86,1385227.0,540.9334,1744228380000,9738,
544.86,545.32,543.97,544.09,1588768.0,537.0104,1744228440000,13229,
544.09,545.12,543.52,543.74,1591965.0,544.126,1744228500000,13439,
543.71,543.89,541.83,542.55,1209825.0,542.6368,1744228560000,10298,
542.54,543.89,542.54,543.6599,1419563.0,543.4219,1744228620000,11921,
543.64,544.22,543.25,543.585,2242459.0,541.0066,1744228680000,18059,
543.59,544.56,542.66,543.37,4637786.0,542.7105,1744228740000,29945,
543.35,548.62,541.8,544.3,1224688.0,544.5309,1744228800000,4264,
544.3,545.4,544.0,544.47,526170.0,544.6818,1744228860000,2380,
544.56,548.62,544.12,544.4,843755.0,545.6008,1744228920000,1906,
544.27,544.48,543.51,543.69,260290.0,544.0379,1744228980000,1379,
543.69,543.98,543.2,543.31,243793.0,543.6761,1744229040000,1356,
543.24,543.62,542.86,543.34,197641.0,543.2137,1744229100000,1133,
543.39,544.37,543.33,543.41,800479.0,543.7601,1744229160000,1707,
543.41,544.43,543.29,544.24,498195.0,543.7434,1744229220000,1160,
544.28,545.6,543.72,545.56,1245288.0,543.9604,1744229280000,1123,
545.39,545.42,544.84,545.05,106929.0,545.1698,1744229340000,612,
544.99,545.1,543.65,543.81,171659.0,544.1989,1744229400000,809,
543.96,544.21,543.44,543.72,125168.0,543.8392,1744229460000,680,
543.68,543.76,542.97,543.06,169476.0,543.2355,1744229520000,1120,
543.05,543.47,542.96,543.02,7411244.0,541.2962,1744229580000,1064,
542.99,543.1,542.4706,542.8,540498.0,510.2213,1744229640000,1003,
542.71,543.8,542.71,543.8,711292.0,501.6375,1744229700000,647,
543.88,543.95,543.38,543.75,188574.0,511.9962,1744229760000,582,
543.75,543.79,543.5,543.74,306463.0,504.6821,1744229820000,372,
543.76,544.5,543.75,544.23,109564.0,544.3871,1744229880000,610,
544.26,544.51,544.21,544.21,62414.0,544.3925,1744229940000,376,
544.24,544.55,544.24,544.38,31976.0,544.4171,1744230000000,327,
544.6,544.8,544.41,544.47,39966.0,544.5649,1744230060000,362,
544.5,544.69,544.34,544.34,54133.0,544.5061,1744230120000,564,
544.44,544.65,544.35,544.5514,32118.0,544.4803,1744230180000,305,
544.5,544.53,544.37,544.48,9561.0,544.454,1744230240000,136,
544.59,545.06,544.59,545.06,105453.0,544.8377,1744230300000,606,
545.0001,545.12,544.8411,545.1,16697.0,545.017,1744230360000,199,
545.1442,545.1442,543.73,544.97,208015.0,543.9119,1744230420000,291,
545.0,545.05,544.74,544.91,86026.0,544.8405,1744230480000,495,
544.81,544.95,544.61,544.87,1012810.0,531.9757,1744230540000,339,
544.79,544.88,544.25,544.25,22168.0,544.5912,1744230600000,185,
544.24,544.51,544.15,544.35,24057.0,544.4198,1744230660000,292,
544.43,544.51,544.4,544.4,318030.0,506.2399,1744230720000,462,
544.46,544.78,544.38,544.78,26154.0,544.6702,1744230780000,246,
544.8,545.17,544.74,545.0801,23046.0,544.9324,1744230840000,220,
545.0,545.03,544.72,544.74,26104.0,544.8233,1744230900000,210,
544.8,544.88,544.69,544.73,35829.0,544.798,1744230960000,282,
544.83,545.0,544.77,544.98,40068.0,544.8629,1744231020000,353,
545.02,545.05,544.9,544.98,48573.0,544.9787,1744231080000,442,
544.98,545.15,544.95,545.05,65518.0,545.0096,1744231140000,376,
545.08,545.32,545.08,545.16,42281.0,545.2112,1744231200000,299,
545.2,545.47,545.2,545.31,27737.0,545.3458,1744231260000,243,
545.31,545.32,545.06,545.0917,23207.0,545.2288,1744231320000,204,
545.1,545.13,544.93,545.02,30687.0,545.0381,1744231380000,267,
545.2,545.27,545.07,545.2,35786.0,545.1888,1744231440000,182,
545.11,545.2299,545.05,545.1,10544.0,545.107,1744231500000,179,
545.16,545.178,545.06,545.06,4156.0,545.0939,1744231560000,121,
545.15,545.53,545.15,545.27,15090.0,545.3173,1744231620000,197,
545.2701,545.47,545.24,545.3699,11453.0,545.3018,1744231680000,134,
545.33,545.61,545.301,545.57,14139.0,545.5027,1744231740000,188,
545.6,545.65,545.44,545.5,43646.0,545.538,1744231800000,273,
545.5,546.0,545.45,545.53,43324.0,545.8021,1744231860000,354,
545.62,545.78,545.5,545.63,79322.0,545.6393,1744231920000,380,
545.66,546.06,545.61,545.98,67612.0,545.9292,1744231980000,305,
545.95,545.99,545.81,545.87,36141.0,545.9524,1744232040000,180,
545.91,545.93,545.67,545.68,16296.0,545.7431,1744232100000,169,
545.62,545.99,545.57,545.95,32837.0,545.8426,1744232160000,348,
545.92,546.04,545.77,545.77,17444.0,545.9616,1744232220000,214,
545.84,546.13,545.84,546.1,10648.0,545.9832,1744232280000,156,
546.04,546.08,543.7334,545.82,178276.0,543.8334,1744232340000,206,
545.82,546.092,545.82,545.87,1744.0,546.0764,1744232400000,78,
545.95,546.0,545.8719,546.0,1948.0,545.9565,1744232460000,116,
545.98,546.0,545.922,546.0,4259.0,545.9735,1744232520000,153,
546.0,546.0795,545.93,546.0,4681.0,546.1365,1744232580000,147,
546.06,546.08,545.93,545.93,4616.0,545.9901,1744232640000,108,
546.03,546.03,545.85,545.9,10224.0,545.7081,1744232700000,162,
545.95,545.95,545.8,545.9,3473.0,545.6476,1744232760000,84,
545.92,545.92,545.86,545.86,3709.0,545.9884,1744232820000,118,
545.85,545.95,545.81,545.88,9710.0,545.8811,1744232880000,177,
545.87,545.95,545.85,545.95,9233.0,545.8944,1744232940000,91,
545.93,546.03,545.91,546.03,11540.0,545.9412,1744233000000,138,
546.05,546.3,546.05,546.2,10999.0,546.1322,1744233060000,186,
546.18,546.28,546.15,546.26,3469.0,546.2224,1744233120000,104,
546.26,546.28,546.15,546.15,7286.0,546.2356,1744233180000,123,
546.18,546.25,546.13,546.15,19015.0,546.1898,1744233240000,169,
546.15,546.27,546.1484,546.25,28901.0,546.2102,1744233300000,140,
546.1,546.27,546.05,546.1,30932.0,546.2255,1744233360000,229,
546.23,546.27,546.1601,546.188,28866.0,546.2411,1744233420000,173,
546.2,546.23,546.12,546.23,4691.0,546.1544,1744233480000,95,
546.15,546.2561,546.15,546.24,23013.0,546.2333,1744233540000,119,
546.12,546.12,545.95,546.03,6698.0,546.0256,1744233600000,143,
546.04,546.29,546.04,546.06,12164.0,546.1323,1744233660000,121,
546.1,546.2,546.0,546.1,12396.0,546.0701,1744233720000,128,
546.1,546.13,546.1,546.12,33119.0,546.1059,1744233780000,234,
546.12,546.12,545.9,545.9,17891.0,546.0195,1744233840000,162,
545.94,545.94,545.69,545.69,19976.0,545.8196,1744233900000,146,
545.7,545.74,545.56,545.56,11023.0,545.6357,1744233960000,120,
545.61,545.71,545.37,545.56,5701.0,545.6101,1744234020000,118,
545.59,545.59,545.4,545.441,2640.0,545.4559,1744234080000,80,
545.4,545.455,545.37,545.45,1577.0,545.422,1744234140000,78,
545.41,545.5,545.41,545.5,2179.0,544.9545,1744234200000,154,
545.5,545.5,545.0,545.0,4229.0,545.3691,1744234260000,107,
545.1,545.1,545.1,545.1,697.0,545.2038,1744234320000,89,
545.2,545.25,545.1,545.2,3935.0,545.191,1744234380000,84,
545.2281,545.2281,545.05,545.1,4506.0,545.1557,1744234440000,111,
545.06,545.1,545.0,545.0,8060.0,545.0183,1744234500000,185,
545.02,545.02,544.88,544.88,6611.0,544.9586,1744234560000,127,
544.88,544.9,544.8,544.9,7622.0,544.8601,1744234620000,265,
544.82,544.87,543.52,544.84,21926.0,544.6428,1744234680000,435,
544.84,544.84,544.46,544.59,8378.0,544.7012,1744234740000,113,
544.47,544.6499,544.26,544.42,7335.0,544.4728,1744234800000,171,
544.51,544.66,544.49,544.63,4831.0,544.5652,1744234860000,97,
544.57,544.8,544.57,544.8,7534.0,544.7383,1744234920000,125,
544.89,545.0,544.85,544.94,4083.0,544.9049,1744234980000,115,
544.94,544.94,544.77,544.8,2441.0,544.8506,1744235040000,79,
544.7041,544.93,544.7,544.91,2412.0,544.798,1744235100000,73,
544.8999,544.8999,544.86,544.86,2244.0,544.876,1744235160000,146,
544.88,544.88,544.78,544.78,4779.0,544.8202,1744235220000,78,
544.75,544.75,544.69,544.74,3277.0,544.7364,1744235280000,100,
544.71,544.81,544.71,544.77,129675.0,548.558,1744235340000,87,
544.83,544.83,544.69,544.69,2086.0,544.7224,1744235400000,76,
544.7482,544.75,544.66,544.66,1717.0,544.7018,1744235460000,89,
544.66,544.66,544.35,544.43,7088.0,544.4822,1744235520000,103,
544.42,544.42,544.3,544.32,5793.0,544.3257,1744235580000,118,
544.3,544.39,544.3,544.32,7556.0,544.321,1744235640000,92,
544.3501,544.44,544.3,544.35,6575.0,544.3398,1744235700000,107,
544.32,544.328,544.07,544.328,15975.0,544.244,1744235760000,160,
544.31,544.32,544.3,544.3,6862.0,544.305,1744235820000,129,
544.3,544.34,544.3,544.34,9127.0,544.312,1744235880000,162,
544.32,544.44,544.32,544.3701,3157.0,544.3654,1744235940000,92,
544.43,545.45,544.2,544.2,29495.0,544.7652,1744236000000,577,
544.01,544.43,543.87,544.43,11001.0,544.1477,1744236060000,223,
544.5,544.51,544.19,544.19,13611.0,544.3847,1744236120000,194,
544.21,544.33,543.9,543.9,12927.0,544.1249,1744236180000,259,
543.88,544.15,543.5214,543.86,10972.0,543.7529,1744236240000,174,
543.86,543.9,543.7,543.82,11476.0,543.8163,1744236300000,110,
543.8981,544.39,543.66,543.93,12208.0,543.8845,1744236360000,170,
543.94,544.28,543.93,544.05,4015.0,544.0832,1744236420000,106,
544.3,544.33,544.16,544.2,4252.0,544.2248,1744236480000,76,
544.1517,544.27,543.99,544.19,7949.0,544.1484,1744236540000,97,
544.18,544.5,544.18,544.5,6512.0,544.3314,1744236600000,90,
544.5,544.5295,544.5,544.5295,2613.0,544.5164,1744236660000,72,
544.65,545.27,544.65,545.21,5769.0,545.0169,1744236720000,103,
545.19,545.4,545.19,545.399,3073.0,545.3081,1744236780000,78,
545.33,545.4,545.31,545.4,2666.0,545.3758,1744236840000,90,
545.57,545.61,545.32,545.4,28418.0,545.4332,1744236900000,189,
545.4,545.54,545.4,545.49,31067.0,545.497,1744236960000,81,
545.41,545.54,545.36,545.54,3652.0,545.4438,1744237020000,67,
545.5,545.59,545.49,545.55,55563.0,545.5046,1744237080000,158,
545.5896,545.68,545.5896,545.6,49182.0,545.6036,1744237140000,247,
545.6,545.75,545.6,545.73,10296.0,545.6488,1744237200000,124,
545.74,545.75,545.13,545.14,3814.0,545.5149,1744237260000,112,
545.19,545.37,545.0,545.02,31606.0,545.249,1744237320000,186,
545.14,545.359,545.1,545.26,1444.0,545.1961,1744237380000,63,
545.29,545.6,545.19,545.6,5812.0,545.4336,1744237440000,99,
545.621,545.81,545.6183,545.75,32698.0,545.7331,1744237500000,178,
545.75,545.8,545.749,545.8,1652.0,545.7595,1744237560000,58,
545.88,546.0,545.8399,545.85,6195.0,545.9341,1744237620000,90,
545.89,545.89,545.61,545.7096,2095.0,545.71,1744237680000,75,
545.68,545.86,545.64,545.85,2466.0,545.744,1744237740000,63,
545.89,545.9,545.8301,545.9,985.0,545.8783,1744237800000,46,
545.8,545.8,545.47,545.59,3471.0,545.5957,1744237860000,62,
545.5,545.53,545.3,545.3,2509.0,545.4955,1744237920000,56,
545.26,545.3,545.25,545.26,2180.0,545.2916,1744237980000,61,
545.49,545.81,545.43,545.74,22109.0,545.6766,1744238040000,188,
545.7393,545.89,545.7,545.73,10053.0,545.8457,1744238100000,86,
545.73,545.8,545.73,545.8,1999.0,545.7647,1744238160000,56,
545.8,545.809,545.71,545.71,2744.0,545.7531,1744238220000,68,
545.7,545.76,545.64,545.76,5983.0,545.743,1744238280000,68,
545.75,546.0,545.43,545.6,29274.0,545.7432,1744238340000,175,
545.73,545.73,545.72,545.73,3592.0,545.7253,1744238400000,64,
545.67,545.75,545.6404,545.71,3408.0,545.7074,1744238460000,61,
545.7,545.88,545.7,545.88,5129.0,545.8113,1744238520000,98,
545.85,546.09,545.8,546.01,24625.0,545.9269,1744238580000,141,
545.9,546.21,545.9,546.21,38195.0,546.0353,1744238640000,224,
546.231,546.231,545.72,545.72,5426.0,545.9941,1744238700000,82,
545.64,545.65,545.5,545.65,1513.0,545.6107,1744238760000,50,
545.6001,545.801,545.6,545.801,1869.0,545.6401,1744238820000,51,
546.0,546.16,546.0,546.16,15030.0,546.045,1744238880000,112,
545.97,546.08,545.97,546.08,2038.0,546.0615,1744238940000,50,
546.05,546.05,545.94,545.94,1843.0,546.0401,1744239000000,77,
545.931,546.04,545.93,545.95,4515.0,545.9952,1744239060000,61,
546.0,546.12,546.0,546.12,1429.0,546.0434,1744239120000,55,
546.15,546.15,545.97,546.02,3327.0,546.0466,1744239180000,72,
546.05,546.06,546.0,546.0,2766.0,546.0424,1744239240000,50,
545.95,546.0103,545.95,546.0103,912.0,545.9813,1744239300000,50,
546.001,546.001,546.0,546.0,1524.0,546.0067,1744239360000,51,
546.14,546.23,546.14,546.22,3305.0,546.1801,1744239420000,62,
546.0,546.0,545.95,546.0,1142.0,546.0077,1744239480000,61,
546.121,546.2,546.12,546.2,1470.0,546.1365,1744239540000,74,
546.29,547.01,546.07,547.0,23297.0,546.6921,1744239600000,257,
547.06,547.07,546.63,546.63,3568.0,546.8097,1744239660000,73,
546.5,546.56,546.4,546.4,1426.0,546.5215,1744239720000,50,
546.28,546.28,545.96,546.16,4050.0,546.089,1744239780000,87,
546.21,546.22,546.11,546.15,7652.0,546.1849,1744239840000,54,
546.04,546.17,546.02,546.1301,3067.0,546.0943,1744239900000,50,
546.23,546.46,546.23,546.34,6446.0,546.2806,1744239960000,65,
546.41,546.429,546.1,546.23,4612.0,546.2617,1744240020000,56,
546.2001,546.2001,546.2001,546.2001,586.0,546.2344,1744240080000,46,
546.2899,546.32,546.04,546.04,2117.0,546.2625,1744240140000,57,
546.13,546.2,546.13,546.2,542.0,546.1873,1744240200000,47,
546.05,546.05,545.94,545.95,6726.0,545.9647,1744240260000,75,
545.85,545.85,545.8,545.8,1402.0,545.8558,1744240320000,47,
545.8117,545.86,545.5,545.5,7816.0,545.7086,1744240380000,113,
545.67,545.73,545.67,545.71,867.0,545.695,1744240440000,26,
545.8,545.8,545.69,545.69,1453.0,545.7409,1744240500000,48,
545.67,545.9,545.67,545.87,7864.0,545.7305,1744240560000,56,
545.87,546.0,545.87,546.0,1946.0,545.9803,1744240620000,51,
546.25,546.25,546.25,546.25,647.0,546.191,1744240680000,56,
546.2,546.26,546.0,546.0,2417.0,546.095,1744240740000,59,
545.93,545.93,545.93,545.93,326.0,545.9887,1744240800000,36,
545.98,545.98,545.85,545.85,2535.0,545.9101,1744240860000,55,
545.8484,545.8484,545.7,545.7,6080.0,545.7203,1744240920000,74,
545.75,545.75,545.75,545.75,863.0,545.7588,1744240980000,48,
545.75,545.75,545.634,545.634,7679.0,545.6987,1744241040000,61,
545.57,545.67,545.55,545.6016,6768.0,545.6019,1744241100000,72,
545.7,545.7,545.692,545.692,823.0,545.6879,1744241160000,48,
545.85,545.85,545.85,545.85,980.0,545.8242,1744241220000,45,
545.9,546.0,545.9,545.96,2697.0,545.9437,1744241280000,75,
545.78,545.78,545.78,545.78,584.0,545.778,1744241340000,31,
545.78,546.1,545.78,546.06,2795.0,546.0078,1744241400000,53,
545.98,546.0477,545.98,546.02,912.0,545.9979,1744241460000,37,
545.99,546.0,545.99,546.0,1356.0,545.995,1744241520000,40,
546.1,546.21,546.0,546.0,3129.0,546.1307,1744241580000,57,
545.9,545.9,545.84,545.84,1770.0,545.8666,1744241640000,57,
546.07,546.15,546.05,546.15,1231.0,546.084,1744241700000,61,
546.1482,546.15,546.13,546.13,1115.0,546.142,1744241760000,36,
546.1,546.15,546.04,546.04,1621.0,546.1164,1744241820000,55,
545.94,545.94,545.86,545.86,1508.0,545.9109,1744241880000,42,
545.891,545.891,545.7984,545.7984,1192.0,545.8584,1744242000000,44,
545.91,545.91,545.89,545.9,2100.0,545.8928,1744242060000,42,
545.92,545.96,545.91,545.91,707.0,545.9313,1744242120000,29,
545.98,545.98,545.98,545.98,555.0,545.9672,1744242180000,22,
545.95,546.0,545.95,546.0,3956.0,545.9855,1744242240000,48,
546.03,546.2,545.87,546.2,8708.0,546.1059,1744242300000,96,
545.92,545.92,545.89,545.89,1530.0,545.916,1744242360000,37,
545.88,546.0,545.88,546.0,1178.0,545.9761,1744242420000,49,
545.8,545.8,545.58,545.58,2512.0,545.7344,1744242480000,56,
545.65,545.73,545.6,545.71,1636.0,545.693,1744242540000,54,
545.65,545.65,545.63,545.63,1254.0,545.6443,1744242600000,38,
545.65,545.69,545.5906,545.6699,5626.0,545.6252,1744242660000,58,
545.6001,545.6001,545.36,545.36,6561.0,545.5054,1744242720000,91,
545.45,545.45,545.43,545.45,2977.0,545.4451,1744242780000,37,
545.45,545.6296,545.45,545.5404,983.0,545.5726,1744242840000,44,
545.63,545.63,545.5,545.5,6266.0,545.6158,1744242900000,67,
545.54,545.75,545.54,545.7,4646.0,545.613,1744242960000,60,
545.66,546.03,545.66,546.01,5473.0,545.8988,1744243020000,77,
545.97,546.0199,545.95,546.0199,1702.0,545.9694,1744243080000,43,
546.02,546.1,545.8,545.9,11915.0,545.8934,1744243140000,113,
